shipment_id,carrier,ship_date,status,origin,destination,freight_cost
SH00001,DHL,2024-01-27,Delayed,Pune,Bangalore,89.12
SH00002,BLUEDART,2024-06-15,IN_TRANSIT,Hyderabad,Delhi,149.2
SH00003,DHL,2024-02-25,In Transit,Delhi,Chennai,95.99
SH00004,FEDEX,2024-04-06,in-transit,Mumbai,Pune,423.23
SH00005,BLUEDART,2024-03-15,,Mumbai,Delhi,154.76
SH00006,FEDEX,2024-06-20,pending,Chennai,Mumbai,341.62
SH00007,DHL,2024-06-12,in_transit,Delhi,Pune,358.08
SH00008,DHL,2024-02-24,DELAYED,Pune,Chennai,444.37
SH00009,BLUEDART,2024-03-04,Delayed,Delhi,Mumbai,168.23
SH00010,DHL,2024-01-13,DELIVERED,Chennai,Pune,332.35
SH00011,FEDEX,2024-05-21,delivered,Hyderabad,Chennai,356.13
SH00012,BLUEDART,2024-02-10,Pending,Pune,Delhi,444.13
SH00013,DHL,2024-02-11,,Pune,Bangalore,465.1
SH00014,DHL,2024-03-02,Delivered,Pune,Mumbai,88.54
SH00015,DHL,2024-02-12,,Chennai,Pune,322.97
SH00016,BLUEDART,2024-06-20,delayed,Chennai,Mumbai,454.83
SH00017,DHL,not-a-date,Pending,Hyderabad,Pune,334.0
SH00018,DHL,2024-05-04,DELIVERED,Hyderabad,Bangalore,375.51
SH00019,FEDEX,2024-06-17,IN_TRANSIT,Delhi,Mumbai,235.0
SH00020,BLUEDART,2024-03-27,Delivered,Mumbai,Delhi,161.9
SH00021,FEDEX,2024-01-20,,Delhi,Mumbai,435.19
SH00022,DHL,2024-05-04,,Mumbai,Bangalore,230.47
SH00023,FEDEX,2024-05-22,delayed,Delhi,Chennai,119.66
SH00024,BLUEDART,2024-05-29,,Mumbai,Chennai,289.01
SH00025,DHL,2024-03-01,DELAYED,Hyderabad,Delhi,160.8
SH00026,BLUEDART,2024-03-07,Pending,Hyderabad,Pune,191.38
,FEDEX,2024-06-08,Delivered,Pune,Delhi,82.97
SH00028,DHL,2024-04-22,Pending,Chennai,Mumbai,186.13
SH00029,BLUEDART,2024-01-27,DELIVERED,Hyderabad,Mumbai,169.01
SH00030,FEDEX,2024-02-22,,Hyderabad,Bangalore,168.79
SH00031,DHL,2024-03-26,pending,Delhi,Chennai,490.91
SH00032,BLUEDART,2024-06-25,Delayed,Mumbai,Delhi,66.21
SH00033,DHL,2024-01-11,in_transit,Pune,Mumbai,356.93
SH00034,FEDEX,2024-03-01,,Hyderabad,Bangalore,414.85
SH00035,FEDEX,2024-06-28,,Delhi,Mumbai,67.43
SH00036,FEDEX,2024-06-17,In Transit,Pune,Bangalore,175.37
SH00037,BLUEDART,2024-01-30,in-transit,Delhi,Chennai,130.36
SH00038,FEDEX,2024-05-10,DELAYED,Pune,Mumbai,135.54
SH00039,BLUEDART,2024-06-19,DELAYED,Chennai,Mumbai,191.26
SH00040,FEDEX,2024-03-16,in_transit,Delhi,Chennai,239.2
SH00041,BLUEDART,2024-01-01,in_transit,Hyderabad,Mumbai,243.45
SH00042,FEDEX,2024-02-13,in-transit,Chennai,Pune,281.95
SH00043,DHL,not-a-date,in_transit,Pune,Bangalore,492.77
SH00044,BLUEDART,2024-04-08,in_transit,Hyderabad,Bangalore,116.41
SH00045,DHL,2024-06-27,delivered,Delhi,Mumbai,300.83
SH00046,FEDEX,2024-04-23,Pending,Hyderabad,Pune,451.41
SH00047,DHL,2024-03-04,in-transit,Delhi,Pune,394.62
SH00048,DHL,2024-03-22,Delivered,Pune,Bangalore,112.27
SH00049,DHL,2024-04-29,in_transit,Delhi,Pune,424.8
SH00050,DHL,2024-03-31,IN_TRANSIT,Hyderabad,Chennai,434.05
SH00051,BLUEDART,2024-03-10,delivered,Hyderabad,Bangalore,224.99
SH00052,FEDEX,2024-05-31,delivered,Chennai,Delhi,87.78
SH00053,FEDEX,2024-03-24,IN_TRANSIT,Delhi,Chennai,175.22
SH00054,FEDEX,2024-03-30,Delivered,Mumbai,Delhi,401.55
SH00055,DHL,2024-05-01,DELAYED,Mumbai,Bangalore,476.49
SH00056,BLUEDART,2024-02-11,Delivered,Hyderabad,Delhi,310.41
SH00057,FEDEX,2024-06-25,in_transit,Delhi,Mumbai,95.86
SH00058,DHL,2024-04-19,Delivered,Hyderabad,Delhi,277.68
SH00059,DHL,2024-04-27,IN_TRANSIT,Delhi,Chennai,129.26
SH00060,BLUEDART,2024-05-31,,Delhi,Pune,160.47
SH00061,FEDEX,not-a-date,,Hyderabad,Pune,196.26
SH00062,FEDEX,2024-05-12,Delivered,Hyderabad,Mumbai,158.61
SH00063,FEDEX,2024-01-24,IN_TRANSIT,Delhi,Pune,361.3
SH00064,BLUEDART,2024-05-20,Pending,Pune,Chennai,254.19
SH00065,FEDEX,2024-05-03,DELAYED,Mumbai,Bangalore,489.47
SH00066,DHL,not-a-date,Delayed,Pune,Bangalore,106.96
SH00067,DHL,2024-05-26,delayed,Delhi,Bangalore,248.21
SH00068,FEDEX,2024-01-19,pending,Mumbai,Delhi,74.12
SH00069,DHL,2024-06-07,Delayed,Mumbai,Pune,221.17
SH00070,FEDEX,2024-01-26,in_transit,Pune,Delhi,331.48
,BLUEDART,2024-04-25,delayed,Mumbai,Bangalore,181.07
SH00072,FEDEX,2024-06-09,,Mumbai,Bangalore,470.15
SH00073,FEDEX,2024-03-19,,Chennai,Delhi,306.14
SH00074,BLUEDART,2024-05-06,DELAYED,Delhi,Chennai,67.94
SH00075,DHL,2024-06-21,DELAYED,Chennai,Delhi,68.1
SH00076,FEDEX,2024-05-05,delayed,Chennai,Pune,206.58
SH00077,FEDEX,2024-04-12,Delayed,Delhi,Pune,66.51
SH00078,FEDEX,2024-05-18,delivered,Hyderabad,Delhi,134.41
SH00079,DHL,2024-03-14,Pending,Chennai,Mumbai,268.12
SH00080,BLUEDART,2024-05-21,in_transit,Chennai,Mumbai,496.52
SH00081,DHL,2024-03-10,delayed,Delhi,Chennai,491.11
SH00082,BLUEDART,2024-03-11,,Hyderabad,Bangalore,236.72
SH00083,FEDEX,2024-04-24,In Transit,Pune,Chennai,199.6
SH00084,DHL,2024-04-15,Pending,Chennai,Pune,262.84
SH00085,BLUEDART,2024-02-02,DELAYED,Chennai,Pune,199.4
SH00086,FEDEX,2024-06-16,Delivered,Mumbai,Bangalore,261.27
SH00087,BLUEDART,2024-05-16,In Transit,Mumbai,Chennai,332.06
SH00088,BLUEDART,2024-03-14,Pending,Mumbai,Bangalore,90.67
SH00089,DHL,2024-01-08,,Delhi,Mumbai,75.25
SH00090,FEDEX,2024-01-21,IN_TRANSIT,Hyderabad,Bangalore,328.87
SH00091,FEDEX,2024-01-03,delayed,Pune,Chennai,455.54
SH00092,FEDEX,2024-04-18,delayed,Hyderabad,Mumbai,430.39
SH00093,DHL,2024-06-28,,Delhi,Chennai,346.2
SH00094,BLUEDART,2024-03-14,in_transit,Mumbai,Pune,323.18
SH00095,BLUEDART,2024-06-14,,Chennai,Delhi,248.37
SH00096,FEDEX,2024-02-03,In Transit,Pune,Chennai,288.88
SH00097,FEDEX,2024-04-29,DELIVERED,Pune,Mumbai,389.37
SH00098,FEDEX,not-a-date,Delayed,Hyderabad,Mumbai,105.61
SH00099,FEDEX,not-a-date,Delayed,Pune,Delhi,197.6
SH00100,FEDEX,2024-01-12,in-transit,Pune,Chennai,498.17
SH00101,FEDEX,2024-06-27,IN_TRANSIT,Delhi,Chennai,314.3
SH00102,FEDEX,2024-03-12,In Transit,Hyderabad,Chennai,147.77
SH00103,BLUEDART,2024-03-11,Delivered,Pune,Mumbai,477.05
SH00104,BLUEDART,2024-03-26,DELIVERED,Hyderabad,Delhi,404.14
SH00105,BLUEDART,2024-02-07,DELAYED,Chennai,Bangalore,51.28
SH00106,FEDEX,2024-01-07,In Transit,Chennai,Delhi,405.49
SH00107,DHL,2024-01-17,,Chennai,Pune,212.92
SH00108,BLUEDART,2024-01-08,delayed,Mumbai,Chennai,431.28
SH00109,FEDEX,2024-02-07,in-transit,Mumbai,Delhi,330.94
SH00110,BLUEDART,2024-06-03,,Hyderabad,Mumbai,365.8
SH00111,BLUEDART,2024-02-28,,Chennai,Pune,254.07
SH00112,BLUEDART,2024-06-24,Delivered,Pune,Mumbai,91.05
SH00113,FEDEX,2024-05-23,pending,Chennai,Delhi,105.0
SH00114,BLUEDART,2024-03-31,Delayed,Mumbai,Chennai,145.73
SH00115,BLUEDART,2024-05-26,IN_TRANSIT,Pune,Delhi,430.32
SH00116,BLUEDART,2024-06-17,in-transit,Hyderabad,Delhi,63.03
SH00117,FEDEX,2024-05-24,Delivered,Mumbai,Bangalore,113.84
SH00118,DHL,2024-02-10,Pending,Delhi,Pune,195.97
SH00119,DHL,2024-03-10,IN_TRANSIT,Chennai,Delhi,268.55
SH00120,DHL,2024-06-22,delayed,Pune,Chennai,287.12
SH00121,DHL,2024-02-24,,Mumbai,Bangalore,4241.04
SH00122,FEDEX,2024-06-20,Delivered,Hyderabad,Bangalore,228.68
SH00123,DHL,2024-06-12,Delivered,Pune,Chennai,232.26
SH00124,FEDEX,2024-01-28,DELAYED,Pune,Delhi,230.2
SH00125,DHL,2024-06-11,Delayed,Pune,Bangalore,137.26
SH00126,BLUEDART,2024-03-06,DELAYED,Chennai,Bangalore,118.79
SH00127,BLUEDART,2024-05-28,DELAYED,Delhi,Pune,339.35
SH00128,FEDEX,2024-04-23,,Chennai,Pune,173.6
SH00129,FEDEX,2024-03-14,,Mumbai,Delhi,489.82
SH00130,BLUEDART,2024-05-26,In Transit,Hyderabad,Delhi,322.25
SH00131,FEDEX,2024-04-22,Delayed,Mumbai,Bangalore,285.24
SH00132,FEDEX,2024-06-14,In Transit,Pune,Delhi,92.53
SH00133,BLUEDART,2024-05-29,In Transit,Hyderabad,Bangalore,189.6
SH00134,BLUEDART,2024-06-13,,Mumbai,Chennai,107.51
SH00135,BLUEDART,2024-01-05,DELIVERED,Mumbai,Pune,478.03
SH00136,DHL,2024-01-26,Delayed,Chennai,Delhi,425.8
SH00137,BLUEDART,2024-02-16,,Chennai,Pune,331.13
SH00138,FEDEX,2024-04-24,in_transit,Chennai,Pune,189.26
SH00139,FEDEX,2024-03-13,Delayed,Hyderabad,Chennai,287.36
SH00140,DHL,2024-04-05,Delivered,Pune,Delhi,370.13
SH00141,DHL,2024-02-07,Delivered,Pune,Chennai,475.89
SH00142,DHL,2024-04-05,Delivered,Delhi,Bangalore,218.71
SH00143,BLUEDART,2024-03-14,delayed,Pune,Bangalore,363.23
SH00144,DHL,2024-02-08,Pending,Mumbai,Delhi,324.0
SH00145,DHL,2024-06-08,Delivered,Mumbai,Bangalore,426.51
SH00146,BLUEDART,2024-01-01,in_transit,Chennai,Bangalore,306.8
SH00147,FEDEX,2024-04-30,IN_TRANSIT,Mumbai,Delhi,491.47
SH00148,FEDEX,2024-03-26,In Transit,Chennai,Delhi,295.71
SH00149,FEDEX,2024-01-17,delayed,Delhi,Mumbai,66.64
SH00150,FEDEX,2024-05-19,delivered,Pune,Chennai,388.98
SH00151,BLUEDART,2024-04-04,IN_TRANSIT,Pune,Mumbai,384.49
SH00152,FEDEX,2024-05-12,Delivered,Delhi,Chennai,377.19
SH00153,BLUEDART,2024-03-24,in-transit,Pune,Mumbai,250.66
SH00154,FEDEX,2024-04-21,,Mumbai,Chennai,476.56
SH00155,BLUEDART,2024-06-04,delayed,Chennai,Delhi,65.66
SH00156,FEDEX,2024-06-22,In Transit,Hyderabad,Delhi,217.41
SH00157,FEDEX,not-a-date,DELIVERED,Pune,Mumbai,274.57
SH00158,FEDEX,2024-03-14,delayed,Delhi,Mumbai,140.08
SH00159,BLUEDART,2024-03-22,Pending,Delhi,Bangalore,79.22
SH00160,BLUEDART,2024-02-01,,Chennai,Mumbai,112.49
SH00161,FEDEX,2024-01-23,IN_TRANSIT,Delhi,Mumbai,499.82
SH00162,BLUEDART,2024-06-13,delayed,Mumbai,Bangalore,356.05
SH00163,BLUEDART,2024-02-03,,Hyderabad,Bangalore,74.94
SH00164,FEDEX,2024-05-12,,Chennai,Mumbai,85.49
SH00165,BLUEDART,2024-02-13,DELAYED,Pune,Delhi,119.39
SH00166,BLUEDART,2024-06-13,in-transit,Mumbai,Delhi,343.01
SH00167,FEDEX,2024-03-18,,Hyderabad,Mumbai,413.31
SH00168,DHL,2024-02-22,DELIVERED,Delhi,Pune,190.66
SH00169,FEDEX,2024-01-28,delayed,Chennai,Mumbai,105.13
SH00170,FEDEX,2024-02-10,DELAYED,Hyderabad,Chennai,374.51
SH00171,FEDEX,2024-01-24,Delayed,Delhi,Chennai,255.75
SH00172,FEDEX,2024-01-03,IN_TRANSIT,Delhi,Pune,110.27
SH00173,DHL,2024-02-19,in-transit,Delhi,Bangalore,83.09
SH00174,BLUEDART,2024-01-25,,Hyderabad,Delhi,494.05
SH00175,BLUEDART,2024-01-12,Pending,Hyderabad,Chennai,199.87
SH00176,BLUEDART,2024-03-22,DELAYED,Chennai,Mumbai,382.69
SH00177,BLUEDART,2024-01-05,pending,Delhi,Chennai,99.32
SH00178,BLUEDART,2024-06-16,,Mumbai,Pune,310.31
SH00179,BLUEDART,2024-06-23,DELAYED,Hyderabad,Chennai,476.69
SH00180,DHL,2024-06-05,,Delhi,Mumbai,431.77
SH00181,BLUEDART,2024-03-21,delayed,Pune,Chennai,460.46
SH00182,BLUEDART,2024-03-04,in-transit,Pune,Chennai,151.19
SH00183,DHL,2024-05-23,,Delhi,Chennai,374.75
SH00184,FEDEX,2024-03-14,Delivered,Pune,Bangalore,205.86
SH00185,DHL,2024-06-27,Delivered,Hyderabad,Mumbai,327.05
SH00186,BLUEDART,2024-04-15,delayed,Chennai,Bangalore,3651.06
SH00187,FEDEX,2024-03-14,pending,Delhi,Pune,76.62
SH00188,BLUEDART,2024-02-15,delivered,Mumbai,Bangalore,498.73
SH00189,FEDEX,2024-06-03,In Transit,Mumbai,Delhi,178.05
SH00190,DHL,2024-01-29,Pending,Hyderabad,Chennai,256.51
SH00191,FEDEX,2024-06-12,,Hyderabad,Bangalore,242.47
SH00192,DHL,2024-01-02,in_transit,Delhi,Chennai,251.03
SH00193,BLUEDART,2024-06-26,pending,Mumbai,Chennai,103.2
SH00194,BLUEDART,2024-03-16,in_transit,Pune,Delhi,148.61
SH00195,BLUEDART,2024-04-30,,Pune,Chennai,348.84
SH00196,DHL,2024-04-02,DELAYED,Hyderabad,Chennai,100.49
SH00197,BLUEDART,2024-05-13,pending,Chennai,Bangalore,142.43
SH00198,DHL,2024-04-26,Delayed,Delhi,Mumbai,258.07
SH00199,DHL,2024-03-29,Delayed,Chennai,Delhi,497.36
SH00200,DHL,2024-02-04,Pending,Pune,Chennai,340.65
SH00201,FEDEX,2024-06-18,DELIVERED,Delhi,Bangalore,344.09
SH00202,BLUEDART,2024-01-06,delayed,Chennai,Bangalore,353.07
SH00203,DHL,2024-02-18,Pending,Delhi,Chennai,394.47
SH00204,DHL,2024-06-01,DELAYED,Chennai,Bangalore,352.41
SH00205,FEDEX,2024-01-15,in-transit,Chennai,Bangalore,155.37
SH00206,BLUEDART,2024-02-06,Delayed,Pune,Bangalore,149.47
SH00207,BLUEDART,2024-01-13,pending,Chennai,Pune,352.1
SH00208,DHL,2024-05-17,,Pune,Chennai,151.41
SH00209,DHL,2024-05-22,IN_TRANSIT,Hyderabad,Chennai,159.29
SH00210,FEDEX,2024-04-06,DELAYED,Mumbai,Bangalore,67.8
SH00211,BLUEDART,2024-03-26,delivered,Hyderabad,Bangalore,145.31
SH00212,FEDEX,2024-03-02,,Chennai,Bangalore,177.38
SH00213,FEDEX,2024-04-30,In Transit,Hyderabad,Chennai,461.45
SH00214,DHL,2024-05-29,IN_TRANSIT,Chennai,Delhi,182.84
SH00215,DHL,2024-05-05,pending,Delhi,Chennai,382.82
SH00216,DHL,2024-05-18,delivered,Hyderabad,Chennai,285.77
SH00217,DHL,2024-06-10,Pending,Mumbai,Pune,117.96
SH00218,BLUEDART,not-a-date,Delayed,Hyderabad,Chennai,235.1
SH00219,FEDEX,2024-02-15,Delivered,Mumbai,Pune,285.97
SH00220,FEDEX,2024-04-13,in_transit,Pune,Chennai,495.6
SH00221,BLUEDART,2024-04-06,delivered,Mumbai,Delhi,336.54
SH00222,BLUEDART,2024-01-11,,Pune,Delhi,361.53
SH00223,BLUEDART,not-a-date,in_transit,Pune,Delhi,314.17
SH00224,DHL,2024-05-25,IN_TRANSIT,Pune,Bangalore,354.67
SH00225,BLUEDART,2024-04-21,Delivered,Mumbai,Chennai,203.27
SH00226,FEDEX,2024-04-25,In Transit,Mumbai,Chennai,298.87
SH00227,FEDEX,2024-01-19,DELIVERED,Mumbai,Chennai,221.0
,FEDEX,2024-03-19,,Mumbai,Delhi,171.39
SH00229,BLUEDART,2024-01-23,Delivered,Hyderabad,Chennai,318.62
SH00106,FEDEX,2024-02-13,DELIVERED,Mumbai,Bangalore,112.48
SH00231,FEDEX,2024-01-20,in_transit,Pune,Chennai,374.4
SH00232,DHL,2024-03-26,IN_TRANSIT,Pune,Delhi,411.83
SH00233,BLUEDART,2024-06-03,in_transit,Hyderabad,Bangalore,265.55
SH00234,BLUEDART,2024-03-12,IN_TRANSIT,Delhi,Mumbai,214.26
SH00235,DHL,2024-04-28,in_transit,Hyderabad,Delhi,247.3
SH00236,FEDEX,2024-03-02,DELIVERED,Delhi,Mumbai,371.86
SH00237,FEDEX,2024-06-26,delivered,Hyderabad,Chennai,405.82
SH00238,BLUEDART,2024-06-17,DELIVERED,Mumbai,Delhi,341.15
SH00239,FEDEX,2024-01-26,Delayed,Pune,Chennai,386.08
SH00240,FEDEX,2024-05-30,DELIVERED,Delhi,Pune,205.24
SH00241,DHL,2024-03-28,in_transit,Mumbai,Bangalore,284.5
SH00242,FEDEX,not-a-date,In Transit,Pune,Delhi,341.59
SH00243,DHL,2024-03-25,delayed,Hyderabad,Bangalore,154.33
SH00244,FEDEX,2024-02-20,IN_TRANSIT,Delhi,Bangalore,224.98
SH00245,DHL,2024-05-17,In Transit,Hyderabad,Delhi,138.68
SH00246,BLUEDART,2024-05-30,In Transit,Pune,Chennai,430.48
SH00247,FEDEX,2024-02-04,in_transit,Hyderabad,Pune,187.42
SH00248,FEDEX,2024-04-18,pending,Hyderabad,Bangalore,291.82
SH00249,DHL,2024-03-21,DELAYED,Delhi,Chennai,2409.6
SH00250,BLUEDART,2024-05-05,,Hyderabad,Chennai,249.73
SH00251,DHL,2024-05-17,,Pune,Delhi,255.79
SH00252,DHL,2024-05-19,In Transit,Hyderabad,Delhi,293.92
SH00253,DHL,2024-06-16,in-transit,Delhi,Bangalore,443.66
SH00254,DHL,2024-03-01,Pending,Delhi,Bangalore,314.57
SH00255,DHL,2024-02-22,DELAYED,Hyderabad,Bangalore,207.87
SH00256,BLUEDART,2024-05-11,pending,Pune,Mumbai,416.83
SH00257,DHL,2024-02-03,Pending,Pune,Bangalore,194.94
SH00258,DHL,2024-04-06,pending,Hyderabad,Mumbai,407.57
SH00259,BLUEDART,2024-03-24,,Pune,Chennai,398.36
SH00260,BLUEDART,2024-04-11,IN_TRANSIT,Pune,Delhi,421.18
SH00261,BLUEDART,2024-05-04,pending,Hyderabad,Bangalore,393.01
SH00262,DHL,2024-01-01,IN_TRANSIT,Mumbai,Bangalore,141.04
SH00263,DHL,2024-03-05,pending,Pune,Delhi,456.71
SH00264,BLUEDART,not-a-date,delayed,Chennai,Pune,85.07
SH00265,DHL,2024-04-18,delayed,Pune,Delhi,81.87
SH00266,FEDEX,2024-02-04,pending,Pune,Mumbai,3950.06
SH00267,BLUEDART,2024-06-06,,Chennai,Bangalore,147.76
SH00268,BLUEDART,2024-03-21,in_transit,Delhi,Chennai,174.64
SH00269,BLUEDART,2024-06-17,in_transit,Pune,Delhi,282.99
SH00270,DHL,2024-03-02,DELAYED,Chennai,Pune,81.96
SH00271,FEDEX,2024-05-25,Delayed,Chennai,Pune,357.32
,DHL,2024-02-25,delivered,Hyderabad,Delhi,476.91
SH00273,FEDEX,2024-05-17,DELIVERED,Delhi,Pune,174.86
SH00274,DHL,2024-06-11,pending,Hyderabad,Mumbai,356.48
SH00275,DHL,2024-04-21,DELAYED,Mumbai,Bangalore,323.97
SH00276,DHL,2024-02-11,In Transit,Mumbai,Bangalore,285.35
SH00277,DHL,2024-01-08,IN_TRANSIT,Pune,Delhi,172.39
SH00278,DHL,2024-01-15,DELAYED,Delhi,Pune,125.1
SH00279,BLUEDART,2024-01-01,,Mumbai,Bangalore,55.53
SH00280,DHL,2024-03-04,Pending,Mumbai,Pune,193.97
SH00281,BLUEDART,2024-05-12,IN_TRANSIT,Mumbai,Bangalore,81.02
,FEDEX,2024-02-21,,Mumbai,Pune,186.76
SH00283,FEDEX,not-a-date,Delayed,Chennai,Bangalore,205.89
SH00284,DHL,2024-05-15,IN_TRANSIT,Delhi,Chennai,271.41
SH00285,DHL,2024-05-13,In Transit,Mumbai,Bangalore,256.31
SH00286,BLUEDART,2024-01-16,DELIVERED,Delhi,Bangalore,156.55
SH00287,BLUEDART,2024-02-29,in_transit,Pune,Mumbai,111.25
SH00288,FEDEX,2024-05-17,,Delhi,Chennai,143.44
SH00289,DHL,2024-03-24,Pending,Pune,Delhi,161.7
SH00290,FEDEX,2024-04-25,Delayed,Chennai,Delhi,162.43
SH00291,DHL,2024-04-12,pending,Mumbai,Bangalore,471.91
SH00292,DHL,2024-06-14,DELIVERED,Mumbai,Delhi,91.39
SH00293,FEDEX,2024-04-20,IN_TRANSIT,Mumbai,Bangalore,273.26
SH00294,DHL,2024-02-08,DELAYED,Pune,Mumbai,327.64
SH00295,FEDEX,2024-02-05,pending,Mumbai,Delhi,448.09
SH00296,DHL,2024-05-04,DELAYED,Delhi,Chennai,276.08
SH00297,DHL,2024-04-30,,Mumbai,Chennai,312.8
SH00298,DHL,2024-02-26,,Pune,Delhi,224.79
SH00299,DHL,2024-06-27,DELAYED,Hyderabad,Mumbai,62.69
SH00300,BLUEDART,2024-02-14,Delivered,Chennai,Pune,75.28
SH00301,FEDEX,2024-03-28,,Hyderabad,Bangalore,429.93
SH00302,DHL,2024-04-05,pending,Mumbai,Chennai,228.02
SH00303,DHL,2024-02-14,Delayed,Delhi,Pune,362.1
SH00304,BLUEDART,2024-06-25,DELIVERED,Chennai,Pune,377.97
SH00305,BLUEDART,2024-06-05,DELAYED,Mumbai,Bangalore,96.85
SH00306,FEDEX,2024-01-23,pending,Pune,Bangalore,337.6
SH00307,DHL,2024-01-28,delivered,Mumbai,Chennai,223.67
SH00308,FEDEX,2024-01-26,,Delhi,Chennai,438.82
SH00309,DHL,2024-03-07,Delivered,Mumbai,Chennai,203.81
SH00310,DHL,2024-04-20,DELIVERED,Pune,Chennai,323.29
SH00311,DHL,2024-03-17,delivered,Delhi,Chennai,226.81
SH00312,DHL,2024-06-18,delayed,Delhi,Bangalore,139.85
SH00313,DHL,2024-04-11,pending,Delhi,Bangalore,169.25
SH00314,FEDEX,2024-03-08,in-transit,Pune,Bangalore,151.81
SH00315,BLUEDART,2024-05-18,,Mumbai,Delhi,315.38
SH00316,FEDEX,2024-03-01,Delivered,Hyderabad,Chennai,227.66
SH00317,BLUEDART,2024-04-24,DELIVERED,Hyderabad,Pune,487.47
SH00318,BLUEDART,2024-06-09,DELAYED,Delhi,Mumbai,166.05
SH00319,FEDEX,2024-03-11,,Hyderabad,Chennai,55.56
SH00320,DHL,2024-05-30,Delivered,Delhi,Mumbai,466.22
SH00321,BLUEDART,2024-06-16,DELAYED,Pune,Chennai,262.87
SH00322,BLUEDART,2024-03-25,delivered,Delhi,Bangalore,385.59
SH00323,FEDEX,2024-06-27,,Pune,Mumbai,152.58
SH00324,FEDEX,2024-01-23,in_transit,Pune,Chennai,461.04
SH00325,FEDEX,2024-05-09,,Mumbai,Bangalore,433.08
SH00326,DHL,2024-01-13,Pending,Mumbai,Bangalore,139.6
SH00327,DHL,2024-06-01,,Mumbai,Bangalore,263.56
SH00328,FEDEX,2024-01-13,DELAYED,Mumbai,Chennai,400.92
SH00329,DHL,not-a-date,DELIVERED,Pune,Chennai,2757.17
SH00330,FEDEX,2024-03-30,in_transit,Pune,Chennai,260.01
SH00331,DHL,2024-06-01,in-transit,Mumbai,Chennai,357.99
SH00332,FEDEX,2024-06-15,DELIVERED,Pune,Mumbai,282.78
SH00333,BLUEDART,2024-01-07,in-transit,Delhi,Chennai,166.74
SH00334,BLUEDART,2024-02-26,pending,Hyderabad,Bangalore,403.2
SH00335,DHL,2024-04-30,in-transit,Hyderabad,Bangalore,376.33
SH00336,FEDEX,2024-03-19,In Transit,Mumbai,Bangalore,217.26
SH00337,DHL,2024-01-19,in_transit,Hyderabad,Pune,275.21
SH00338,DHL,2024-03-28,DELAYED,Chennai,Bangalore,451.78
SH00339,DHL,2024-02-15,delivered,Mumbai,Pune,52.12
SH00340,DHL,2024-04-21,IN_TRANSIT,Delhi,Bangalore,3601.35
,DHL,2024-01-02,in_transit,Pune,Bangalore,151.82
SH00342,BLUEDART,2024-01-12,in-transit,Hyderabad,Mumbai,255.17
SH00343,BLUEDART,2024-05-05,in_transit,Chennai,Mumbai,124.2
SH00115,BLUEDART,2024-05-30,Delivered,Chennai,Bangalore,214.97
SH00345,FEDEX,2024-01-13,pending,Hyderabad,Pune,426.25
SH00346,DHL,2024-02-09,pending,Hyderabad,Mumbai,333.64
SH00347,FEDEX,2024-04-17,Delivered,Hyderabad,Pune,280.21
SH00348,FEDEX,2024-05-13,In Transit,Chennai,Bangalore,366.55
SH00349,DHL,2024-01-04,Delivered,Delhi,Chennai,425.85
SH00350,BLUEDART,2024-06-13,in-transit,Mumbai,Delhi,168.86
SH00351,FEDEX,2024-01-30,,Pune,Mumbai,-43.22
SH00352,FEDEX,2024-01-24,In Transit,Hyderabad,Mumbai,132.29
SH00353,FEDEX,2024-02-12,Pending,Delhi,Pune,376.89
SH00354,BLUEDART,2024-04-07,DELAYED,Delhi,Pune,62.97
SH00355,DHL,2024-04-15,Delivered,Delhi,Pune,167.73
SH00356,BLUEDART,2024-06-20,Delayed,Hyderabad,Pune,285.4
SH00357,DHL,2024-06-13,,Delhi,Chennai,421.9
SH00081,BLUEDART,2024-01-20,In Transit,Delhi,Pune,158.4
SH00359,BLUEDART,2024-01-21,,Delhi,Pune,307.87
SH00360,FEDEX,2024-01-10,delivered,Mumbai,Delhi,421.66
SH00361,BLUEDART,2024-04-26,In Transit,Hyderabad,Bangalore,421.39
SH00362,BLUEDART,2024-04-03,Delivered,Hyderabad,Chennai,3065.42
SH00363,FEDEX,2024-01-28,DELIVERED,Hyderabad,Pune,271.59
SH00364,FEDEX,2024-04-10,,Hyderabad,Bangalore,401.64
SH00365,BLUEDART,2024-04-25,DELAYED,Hyderabad,Delhi,480.29
SH00366,DHL,2024-05-03,,Hyderabad,Chennai,464.52
SH00367,DHL,2024-06-04,Delayed,Mumbai,Pune,446.63
SH00368,DHL,2024-03-16,DELIVERED,Pune,Chennai,112.18
SH00369,BLUEDART,2024-05-21,in_transit,Hyderabad,Mumbai,144.37
SH00370,DHL,2024-03-31,DELAYED,Chennai,Mumbai,306.79
SH00371,BLUEDART,2024-05-13,IN_TRANSIT,Pune,Chennai,115.4
SH00372,DHL,2024-01-16,in-transit,Pune,Mumbai,141.8
SH00373,BLUEDART,2024-05-23,Delayed,Hyderabad,Bangalore,402.94
SH00374,FEDEX,2024-06-24,Delayed,Delhi,Pune,74.21
SH00375,FEDEX,2024-05-19,in_transit,Chennai,Mumbai,399.27
SH00376,BLUEDART,2024-05-11,delivered,Mumbai,Bangalore,242.83
SH00377,FEDEX,2024-02-09,In Transit,Mumbai,Chennai,318.6
SH00378,FEDEX,2024-03-22,DELIVERED,Delhi,Chennai,284.27
SH00379,FEDEX,2024-02-24,In Transit,Mumbai,Chennai,212.36
SH00380,BLUEDART,2024-04-24,pending,Mumbai,Delhi,326.17
SH00381,FEDEX,2024-05-18,delivered,Delhi,Bangalore,460.1
SH00382,FEDEX,2024-06-15,Delayed,Delhi,Bangalore,87.06
SH00383,BLUEDART,2024-06-10,,Mumbai,Delhi,358.43
SH00384,BLUEDART,not-a-date,Pending,Delhi,Bangalore,199.27
SH00385,BLUEDART,2024-04-14,pending,Mumbai,Bangalore,232.0
SH00386,DHL,2024-05-29,,Hyderabad,Delhi,82.67
SH00387,FEDEX,2024-04-22,,Hyderabad,Delhi,347.33
SH00388,FEDEX,2024-02-06,,Hyderabad,Mumbai,440.21
,DHL,2024-06-01,Delayed,Mumbai,Delhi,476.14
SH00390,FEDEX,2024-05-11,DELIVERED,Chennai,Pune,149.35
SH00391,BLUEDART,2024-01-19,Delivered,Mumbai,Pune,162.81
SH00392,FEDEX,2024-06-07,in_transit,Chennai,Bangalore,193.0
SH00393,BLUEDART,2024-04-19,In Transit,Chennai,Mumbai,160.78
SH00394,FEDEX,2024-04-28,,Chennai,Mumbai,187.46
SH00395,FEDEX,2024-06-09,Delivered,Chennai,Bangalore,451.45
SH00396,BLUEDART,2024-05-21,Delayed,Delhi,Mumbai,262.45
SH00397,BLUEDART,2024-05-10,In Transit,Pune,Bangalore,275.98
SH00398,BLUEDART,2024-02-15,DELAYED,Chennai,Bangalore,346.74
SH00399,FEDEX,2024-02-29,In Transit,Mumbai,Bangalore,155.31
SH00400,FEDEX,2024-01-11,In Transit,Delhi,Pune,96.45
SH00401,BLUEDART,2024-04-06,pending,Pune,Bangalore,454.2
SH00402,DHL,2024-03-29,delayed,Hyderabad,Chennai,-6.78
SH00403,BLUEDART,2024-02-10,Pending,Pune,Bangalore,417.63
SH00404,DHL,2024-05-31,,Delhi,Pune,234.9
SH00405,DHL,2024-02-07,in-transit,Hyderabad,Delhi,465.1
SH00406,BLUEDART,2024-02-25,delayed,Mumbai,Chennai,440.29
SH00407,BLUEDART,2024-06-24,delayed,Chennai,Mumbai,318.44
SH00408,DHL,2024-06-04,delayed,Chennai,Pune,455.72
SH00409,DHL,2024-06-03,delivered,Mumbai,Pune,453.64
SH00410,FEDEX,2024-05-03,IN_TRANSIT,Mumbai,Pune,207.73
SH00411,BLUEDART,2024-05-02,,Mumbai,Pune,87.72
SH00412,DHL,2024-04-06,Pending,Mumbai,Delhi,411.93
SH00413,BLUEDART,2024-04-18,DELAYED,Pune,Mumbai,174.0
SH00414,BLUEDART,2024-05-22,in-transit,Delhi,Mumbai,309.94
SH00415,BLUEDART,2024-06-28,Delivered,Mumbai,Bangalore,146.51
SH00416,BLUEDART,not-a-date,Delivered,Mumbai,Bangalore,420.46
SH00417,FEDEX,2024-01-10,IN_TRANSIT,Chennai,Mumbai,326.28
,DHL,2024-06-17,Delayed,Delhi,Pune,178.7
SH00419,DHL,2024-04-02,delivered,Hyderabad,Bangalore,489.04
SH00420,BLUEDART,not-a-date,Pending,Delhi,Pune,80.88
SH00421,BLUEDART,2024-03-11,in_transit,Pune,Mumbai,2525.1
SH00422,BLUEDART,2024-01-30,in-transit,Mumbai,Chennai,444.25
SH00423,FEDEX,2024-03-27,delayed,Hyderabad,Chennai,356.72
SH00424,FEDEX,2024-02-26,in_transit,Mumbai,Pune,410.07
SH00425,BLUEDART,2024-04-12,,Pune,Bangalore,203.9
SH00426,DHL,2024-06-23,in_transit,Hyderabad,Mumbai,274.55
SH00427,DHL,2024-06-07,,Chennai,Bangalore,98.01
SH00428,BLUEDART,2024-04-05,delayed,Mumbai,Delhi,454.15
SH00429,DHL,2024-05-27,Delayed,Hyderabad,Mumbai,409.67
SH00430,FEDEX,2024-06-27,In Transit,Chennai,Pune,360.14
SH00431,FEDEX,2024-03-08,delayed,Pune,Mumbai,481.34
SH00432,FEDEX,2024-03-12,DELAYED,Pune,Mumbai,109.01
SH00433,FEDEX,2024-02-20,Pending,Chennai,Pune,117.3
SH00434,BLUEDART,2024-05-04,Delayed,Hyderabad,Pune,436.33
SH00435,DHL,2024-01-25,In Transit,Pune,Chennai,166.9
SH00436,FEDEX,2024-06-22,in_transit,Mumbai,Pune,309.58
SH00437,FEDEX,2024-05-04,delayed,Pune,Mumbai,450.33
SH00438,DHL,2024-06-05,,Chennai,Mumbai,458.18
SH00439,BLUEDART,2024-04-11,delayed,Pune,Mumbai,401.44
SH00440,FEDEX,2024-01-06,in_transit,Delhi,Mumbai,347.91
SH00441,DHL,2024-05-01,delivered,Delhi,Bangalore,396.92
SH00442,BLUEDART,2024-04-09,in_transit,Chennai,Delhi,381.92
SH00443,DHL,2024-03-24,delayed,Mumbai,Delhi,488.74
SH00444,BLUEDART,2024-04-26,pending,Hyderabad,Bangalore,444.78
SH00445,FEDEX,2024-04-23,IN_TRANSIT,Delhi,Mumbai,4446.14
SH00446,FEDEX,2024-06-25,,Pune,Chennai,-28.91
SH00447,DHL,2024-05-23,in_transit,Hyderabad,Mumbai,123.47
SH00448,FEDEX,2024-05-12,DELAYED,Mumbai,Pune,413.41
SH00449,FEDEX,2024-02-16,Delivered,Delhi,Mumbai,336.6
SH00450,DHL,not-a-date,Delivered,Pune,Delhi,176.95
SH00047,DHL,2024-04-17,,Mumbai,Pune,274.28
SH00452,DHL,2024-04-10,delayed,Chennai,Delhi,131.72
SH00453,DHL,2024-04-23,delivered,Mumbai,Bangalore,139.63
SH00454,DHL,2024-03-20,DELIVERED,Delhi,Pune,333.12
SH00455,FEDEX,2024-01-14,in_transit,Delhi,Chennai,487.97
SH00407,FEDEX,not-a-date,delivered,Hyderabad,Delhi,311.48
SH00457,DHL,2024-06-24,,Chennai,Bangalore,331.31
SH00458,DHL,2024-05-22,,Chennai,Pune,206.29
SH00459,FEDEX,2024-01-11,delayed,Pune,Bangalore,301.56
SH00460,BLUEDART,2024-03-11,DELAYED,Pune,Mumbai,461.51
SH00461,FEDEX,2024-06-12,Pending,Pune,Mumbai,133.49
SH00462,DHL,2024-05-17,in_transit,Pune,Delhi,285.83
SH00463,FEDEX,2024-05-13,delivered,Delhi,Chennai,425.84
SH00464,FEDEX,2024-06-13,pending,Chennai,Delhi,270.46
,DHL,2024-02-23,,Hyderabad,Delhi,85.98
SH00466,FEDEX,2024-03-09,Pending,Pune,Delhi,81.67
SH00467,DHL,2024-02-18,pending,Mumbai,Bangalore,161.94
SH00468,FEDEX,2024-06-28,Delivered,Mumbai,Chennai,125.06
SH00469,DHL,2024-03-31,Delayed,Hyderabad,Pune,496.16
SH00470,FEDEX,2024-02-24,Delayed,Pune,Bangalore,466.77
SH00471,FEDEX,not-a-date,DELIVERED,Mumbai,Delhi,497.04
SH00472,FEDEX,2024-05-10,DELAYED,Mumbai,Chennai,119.62
SH00473,FEDEX,2024-03-17,IN_TRANSIT,Hyderabad,Bangalore,306.08
SH00474,FEDEX,2024-06-25,,Chennai,Pune,458.45
SH00475,BLUEDART,2024-03-26,,Delhi,Bangalore,245.44
SH00476,BLUEDART,2024-06-10,in-transit,Hyderabad,Delhi,285.97
SH00477,BLUEDART,2024-04-10,,Chennai,Bangalore,317.81
SH00478,FEDEX,2024-05-01,delivered,Chennai,Bangalore,296.67
SH00479,BLUEDART,2024-02-20,pending,Chennai,Bangalore,307.1
SH00480,DHL,2024-03-23,DELAYED,Mumbai,Chennai,90.32
SH00481,FEDEX,2024-02-13,DELAYED,Pune,Delhi,419.71
SH00482,DHL,2024-01-22,delivered,Chennai,Mumbai,159.37
SH00483,FEDEX,2024-01-29,delayed,Mumbai,Chennai,60.24
SH00484,BLUEDART,2024-02-06,pending,Pune,Chennai,58.27
SH00485,DHL,2024-06-27,delivered,Mumbai,Chennai,259.23
,BLUEDART,2024-06-15,IN_TRANSIT,Pune,Delhi,278.84
SH00487,BLUEDART,2024-05-08,Delayed,Hyderabad,Delhi,466.86
SH00488,FEDEX,2024-01-05,In Transit,Delhi,Pune,209.92
SH00489,FEDEX,2024-01-08,in-transit,Mumbai,Chennai,151.51
SH00490,BLUEDART,2024-05-26,in-transit,Delhi,Mumbai,459.38
SH00491,DHL,2024-02-21,in-transit,Hyderabad,Pune,359.84
SH00492,DHL,2024-05-22,Pending,Hyderabad,Bangalore,103.27
SH00493,FEDEX,2024-06-12,in-transit,Delhi,Pune,118.38
SH00494,BLUEDART,2024-06-05,in_transit,Hyderabad,Mumbai,153.91
SH00495,DHL,2024-06-15,,Hyderabad,Pune,224.36
SH00496,FEDEX,2024-02-26,in_transit,Mumbai,Chennai,391.0
SH00497,BLUEDART,2024-03-04,,Delhi,Chennai,68.82
SH00498,BLUEDART,2024-06-13,,Hyderabad,Pune,67.33
SH00499,DHL,2024-01-11,Delayed,Hyderabad,Pune,394.32
SH00500,FEDEX,2024-03-16,delivered,Pune,Chennai,360.48
SH00501,DHL,2024-05-29,Pending,Hyderabad,Delhi,295.88
SH00502,FEDEX,2024-01-24,Pending,Hyderabad,Bangalore,341.86
SH00503,DHL,2024-01-22,IN_TRANSIT,Mumbai,Pune,377.09
SH00504,BLUEDART,2024-03-26,pending,Delhi,Bangalore,438.2
SH00505,DHL,2024-04-24,DELIVERED,Delhi,Chennai,102.9
SH00506,FEDEX,2024-05-07,delivered,Mumbai,Pune,323.59
SH00507,FEDEX,not-a-date,Delayed,Delhi,Pune,175.15
SH00508,DHL,2024-01-10,delivered,Chennai,Delhi,350.15
SH00509,DHL,2024-02-11,DELAYED,Mumbai,Pune,347.42
SH00510,FEDEX,2024-01-24,In Transit,Hyderabad,Mumbai,215.86
SH00511,BLUEDART,2024-02-01,in-transit,Mumbai,Chennai,198.14
SH00512,DHL,2024-06-25,,Mumbai,Delhi,493.83
SH00513,BLUEDART,2024-02-03,delayed,Hyderabad,Pune,283.87
SH00514,BLUEDART,2024-01-01,delayed,Chennai,Mumbai,331.46
SH00515,FEDEX,2024-05-23,in_transit,Delhi,Bangalore,55.08
SH00516,FEDEX,2024-01-30,In Transit,Pune,Mumbai,228.22
SH00517,DHL,2024-05-02,,Pune,Mumbai,66.0
SH00518,BLUEDART,2024-04-15,delivered,Pune,Chennai,425.8
SH00519,BLUEDART,2024-03-25,,Mumbai,Bangalore,209.12
SH00520,FEDEX,2024-04-09,Delivered,Hyderabad,Bangalore,439.07
SH00521,DHL,2024-03-01,,Pune,Chennai,477.83
SH00522,DHL,2024-01-07,Delayed,Chennai,Delhi,119.33
SH00523,FEDEX,2024-01-26,Delayed,Pune,Bangalore,354.52
,BLUEDART,2024-01-12,DELAYED,Hyderabad,Delhi,442.34
SH00525,BLUEDART,2024-03-20,in_transit,Pune,Delhi,194.4
SH00526,FEDEX,2024-03-11,DELAYED,Mumbai,Chennai,301.83
SH00527,FEDEX,2024-02-13,DELAYED,Chennai,Mumbai,451.51
SH00528,BLUEDART,2024-01-23,DELIVERED,Mumbai,Delhi,367.1
SH00529,FEDEX,2024-02-20,pending,Hyderabad,Mumbai,414.18
SH00530,BLUEDART,2024-06-27,delayed,Chennai,Delhi,189.68
SH00531,DHL,2024-04-10,pending,Chennai,Mumbai,198.65
SH00532,DHL,2024-04-28,in-transit,Delhi,Bangalore,395.57
SH00533,BLUEDART,2024-01-19,Delayed,Mumbai,Chennai,257.44
SH00534,DHL,2024-02-23,DELAYED,Delhi,Pune,244.02
SH00535,BLUEDART,2024-01-20,Pending,Chennai,Bangalore,308.38
SH00536,BLUEDART,2024-04-13,Delivered,Mumbai,Pune,358.48
SH00537,BLUEDART,2024-02-05,,Mumbai,Delhi,-42.81
SH00538,FEDEX,2024-02-22,In Transit,Hyderabad,Pune,184.88
SH00539,FEDEX,2024-06-05,IN_TRANSIT,Pune,Delhi,431.44
SH00540,DHL,2024-03-13,in_transit,Mumbai,Chennai,244.27
SH00541,FEDEX,2024-06-18,DELIVERED,Delhi,Pune,134.7
SH00542,DHL,2024-01-19,DELIVERED,Pune,Bangalore,374.6
SH00543,DHL,2024-06-27,IN_TRANSIT,Chennai,Pune,330.46
SH00544,FEDEX,not-a-date,delayed,Pune,Bangalore,431.06
SH00545,BLUEDART,2024-01-10,Pending,Hyderabad,Mumbai,215.86
SH00546,BLUEDART,2024-01-21,DELAYED,Hyderabad,Mumbai,89.8
SH00547,DHL,2024-01-14,Delayed,Hyderabad,Pune,400.34
SH00548,BLUEDART,2024-03-16,delivered,Pune,Chennai,362.77
SH00549,FEDEX,2024-05-26,in-transit,Mumbai,Pune,414.0
SH00550,BLUEDART,2024-06-06,,Mumbai,Chennai,165.63
SH00551,BLUEDART,2024-02-14,Pending,Chennai,Pune,156.29
SH00552,DHL,2024-04-15,in_transit,Chennai,Bangalore,347.3
SH00553,FEDEX,2024-01-30,delayed,Mumbai,Chennai,229.44
SH00554,BLUEDART,2024-04-09,DELIVERED,Chennai,Pune,288.7
SH00555,FEDEX,2024-05-16,,Pune,Delhi,244.3
SH00556,FEDEX,2024-04-10,pending,Mumbai,Chennai,387.09
SH00557,FEDEX,not-a-date,Delivered,Chennai,Mumbai,55.38
SH00558,DHL,2024-01-07,delivered,Pune,Mumbai,472.33
SH00559,BLUEDART,2024-06-03,pending,Mumbai,Delhi,393.74
SH00560,DHL,2024-06-18,pending,Chennai,Mumbai,254.05
SH00561,BLUEDART,2024-01-19,delivered,Pune,Mumbai,222.26
SH00562,FEDEX,2024-02-21,DELIVERED,Chennai,Pune,340.47
SH00563,BLUEDART,2024-01-27,Delivered,Mumbai,Pune,307.11
SH00564,DHL,2024-03-09,In Transit,Mumbai,Delhi,457.08
SH00565,FEDEX,2024-01-18,delivered,Delhi,Pune,222.99
SH00566,BLUEDART,2024-04-12,pending,Pune,Mumbai,90.8
SH00567,FEDEX,2024-01-11,pending,Pune,Bangalore,135.95
SH00568,FEDEX,2024-04-22,DELIVERED,Delhi,Bangalore,66.06
SH00569,FEDEX,2024-04-25,delivered,Mumbai,Chennai,66.67
SH00570,DHL,2024-05-17,DELAYED,Chennai,Pune,154.84
SH00571,DHL,2024-06-15,DELIVERED,Delhi,Bangalore,334.7
SH00572,BLUEDART,2024-01-28,DELAYED,Chennai,Delhi,409.63
SH00573,BLUEDART,2024-06-24,DELIVERED,Delhi,Chennai,194.72
SH00574,DHL,2024-02-06,DELIVERED,Pune,Delhi,363.33
SH00575,DHL,2024-06-10,,Chennai,Delhi,120.99
SH00092,BLUEDART,2024-05-01,in_transit,Hyderabad,Mumbai,114.39
SH00577,DHL,2024-05-07,Delivered,Hyderabad,Delhi,332.24
SH00242,DHL,2024-05-18,delayed,Mumbai,Delhi,396.65
SH00579,DHL,2024-06-20,delivered,Delhi,Pune,340.19
SH00580,FEDEX,2024-05-17,,Mumbai,Delhi,63.08
SH00581,FEDEX,2024-02-20,In Transit,Hyderabad,Pune,153.53
SH00582,FEDEX,2024-01-19,delayed,Chennai,Pune,74.45
SH00583,DHL,2024-02-19,in-transit,Delhi,Chennai,140.99
SH00584,DHL,2024-02-13,in_transit,Mumbai,Pune,448.88
SH00585,BLUEDART,2024-05-13,in_transit,Chennai,Bangalore,316.21
SH00586,BLUEDART,2024-05-28,DELAYED,Chennai,Bangalore,475.81
SH00587,DHL,2024-05-09,Delayed,Mumbai,Pune,227.44
SH00588,FEDEX,2024-01-04,IN_TRANSIT,Chennai,Delhi,477.47
SH00589,DHL,2024-02-11,,Mumbai,Pune,306.67
SH00590,DHL,2024-04-04,Pending,Delhi,Mumbai,335.03
SH00591,FEDEX,2024-03-10,DELAYED,Hyderabad,Delhi,294.1
SH00592,FEDEX,2024-01-29,delayed,Mumbai,Chennai,328.61
SH00593,DHL,2024-03-26,Delivered,Hyderabad,Bangalore,342.07
SH00594,BLUEDART,2024-03-09,IN_TRANSIT,Chennai,Bangalore,174.72
SH00595,BLUEDART,2024-06-22,in-transit,Mumbai,Pune,253.39
SH00596,DHL,2024-04-10,in-transit,Chennai,Pune,481.22
SH00597,DHL,2024-05-13,delivered,Delhi,Mumbai,181.93
SH00598,FEDEX,2024-01-06,Delivered,Delhi,Pune,59.92
SH00599,FEDEX,2024-03-24,pending,Delhi,Chennai,363.59
SH00600,DHL,2024-02-28,in-transit,Pune,Bangalore,396.39
SH00601,DHL,2024-03-14,DELIVERED,Hyderabad,Bangalore,427.7
SH00602,DHL,2024-05-27,in-transit,Mumbai,Delhi,216.35
SH00603,FEDEX,2024-02-11,Delivered,Chennai,Mumbai,464.2
,FEDEX,2024-05-19,In Transit,Pune,Bangalore,341.26
SH00605,BLUEDART,2024-01-29,delivered,Chennai,Pune,112.74
SH00606,DHL,2024-01-15,in_transit,Delhi,Chennai,312.54
SH00607,DHL,2024-01-23,IN_TRANSIT,Mumbai,Pune,137.5
SH00608,BLUEDART,2024-04-19,In Transit,Pune,Chennai,55.49
SH00609,BLUEDART,2024-04-23,IN_TRANSIT,Mumbai,Bangalore,411.66
SH00610,FEDEX,2024-06-02,in_transit,Delhi,Mumbai,186.45
,BLUEDART,2024-06-12,IN_TRANSIT,Delhi,Bangalore,128.7
SH00612,DHL,2024-05-05,,Chennai,Pune,185.9
SH00613,DHL,2024-03-17,,Mumbai,Delhi,336.45
SH00614,DHL,2024-03-11,Delivered,Delhi,Mumbai,319.5
SH00615,FEDEX,not-a-date,in-transit,Delhi,Bangalore,123.28
SH00616,DHL,2024-04-02,In Transit,Pune,Bangalore,71.92
SH00617,DHL,2024-02-12,,Chennai,Delhi,192.29
SH00618,BLUEDART,2024-03-31,delivered,Pune,Delhi,111.63
SH00619,DHL,2024-02-26,,Mumbai,Bangalore,453.68
SH00620,BLUEDART,2024-01-20,DELIVERED,Hyderabad,Delhi,465.53
SH00621,FEDEX,2024-03-28,in-transit,Hyderabad,Pune,62.94
SH00622,DHL,2024-02-03,IN_TRANSIT,Chennai,Mumbai,360.87
SH00623,FEDEX,2024-06-17,delivered,Mumbai,Bangalore,261.09
SH00624,DHL,2024-02-22,in_transit,Mumbai,Delhi,133.15
SH00625,FEDEX,2024-05-08,DELAYED,Hyderabad,Mumbai,158.82
SH00626,DHL,2024-03-13,,Hyderabad,Bangalore,291.71
SH00627,BLUEDART,2024-02-17,Delivered,Delhi,Chennai,131.38
SH00628,DHL,2024-03-21,Delivered,Delhi,Bangalore,283.88
SH00629,BLUEDART,2024-01-30,delayed,Mumbai,Delhi,320.18
SH00630,BLUEDART,2024-04-19,Delivered,Delhi,Chennai,452.64
SH00631,DHL,2024-05-13,Delivered,Delhi,Bangalore,103.65
SH00632,BLUEDART,2024-02-20,DELAYED,Chennai,Delhi,429.81
SH00633,FEDEX,2024-06-13,In Transit,Pune,Mumbai,264.12
SH00634,FEDEX,2024-03-05,in_transit,Chennai,Pune,332.77
SH00635,DHL,2024-04-07,In Transit,Delhi,Bangalore,118.73
SH00636,BLUEDART,2024-06-18,Delayed,Delhi,Pune,167.75
SH00637,DHL,2024-03-21,delayed,Delhi,Bangalore,256.85
SH00638,FEDEX,2024-03-20,delayed,Chennai,Pune,393.81
SH00639,BLUEDART,2024-02-10,IN_TRANSIT,Hyderabad,Chennai,168.53
SH00640,FEDEX,2024-01-12,In Transit,Pune,Delhi,206.99
SH00641,FEDEX,2024-04-01,delivered,Delhi,Bangalore,347.56
SH00642,BLUEDART,not-a-date,In Transit,Mumbai,Chennai,66.82
SH00643,FEDEX,not-a-date,In Transit,Pune,Delhi,219.98
SH00644,DHL,2024-06-19,DELAYED,Chennai,Mumbai,184.78
SH00645,DHL,2024-01-13,DELAYED,Hyderabad,Bangalore,230.91
SH00646,BLUEDART,2024-05-25,delayed,Mumbai,Chennai,242.2
SH00647,BLUEDART,2024-03-21,IN_TRANSIT,Pune,Chennai,163.07
SH00648,DHL,2024-02-24,,Hyderabad,Bangalore,383.99
SH00649,BLUEDART,2024-04-03,in_transit,Delhi,Bangalore,117.71
SH00650,FEDEX,2024-03-09,pending,Mumbai,Bangalore,122.26
SH00651,DHL,2024-03-20,Delayed,Chennai,Delhi,496.08
SH00652,FEDEX,2024-03-12,DELIVERED,Chennai,Delhi,339.93
SH00653,DHL,2024-01-17,IN_TRANSIT,Mumbai,Chennai,453.55
SH00654,BLUEDART,2024-05-08,Delayed,Chennai,Bangalore,348.9
SH00655,FEDEX,2024-03-21,DELAYED,Mumbai,Bangalore,381.76
SH00656,DHL,2024-03-11,in-transit,Chennai,Delhi,438.3
SH00657,DHL,2024-03-04,,Pune,Chennai,471.64
SH00658,DHL,2024-06-18,delivered,Hyderabad,Delhi,360.81
SH00659,FEDEX,2024-03-01,IN_TRANSIT,Pune,Delhi,53.54
SH00660,FEDEX,2024-02-11,pending,Mumbai,Bangalore,192.73
SH00661,FEDEX,2024-04-15,In Transit,Mumbai,Pune,372.82
SH00662,BLUEDART,2024-06-03,Delayed,Pune,Delhi,382.0
SH00663,BLUEDART,not-a-date,in_transit,Chennai,Pune,332.73
SH00664,BLUEDART,2024-03-22,,Chennai,Pune,380.83
SH00665,FEDEX,2024-02-16,IN_TRANSIT,Chennai,Delhi,475.14
SH00666,BLUEDART,2024-04-28,Pending,Hyderabad,Bangalore,433.32
SH00667,DHL,2024-05-25,Pending,Mumbai,Chennai,286.63
SH00668,FEDEX,2024-02-18,,Mumbai,Bangalore,401.95
SH00669,DHL,2024-03-13,in_transit,Hyderabad,Bangalore,238.25
SH00670,FEDEX,2024-04-04,pending,Chennai,Pune,256.17
SH00671,BLUEDART,2024-04-18,in-transit,Delhi,Mumbai,82.88
,FEDEX,2024-05-09,in-transit,Pune,Delhi,489.89
SH00673,DHL,2024-05-08,In Transit,Hyderabad,Bangalore,445.05
SH00674,DHL,2024-02-02,,Pune,Delhi,176.45
SH00675,FEDEX,2024-04-21,In Transit,Hyderabad,Mumbai,381.59
SH00676,BLUEDART,2024-01-14,delivered,Delhi,Bangalore,261.61
SH00677,FEDEX,2024-05-23,delayed,Mumbai,Pune,100.62
SH00678,DHL,2024-05-10,DELAYED,Pune,Bangalore,450.9
SH00679,BLUEDART,2024-01-20,delayed,Hyderabad,Bangalore,354.61
SH00680,BLUEDART,2024-01-28,DELIVERED,Mumbai,Pune,62.99
SH00681,BLUEDART,2024-01-12,delayed,Pune,Delhi,196.21
SH00682,BLUEDART,2024-06-13,,Chennai,Bangalore,74.99
SH00683,FEDEX,2024-04-12,,Pune,Bangalore,143.7
SH00684,BLUEDART,2024-04-20,in-transit,Chennai,Delhi,456.68
SH00685,FEDEX,2024-04-09,DELAYED,Hyderabad,Bangalore,320.15
SH00686,DHL,2024-05-11,delayed,Delhi,Pune,354.4
SH00687,BLUEDART,2024-04-21,,Hyderabad,Delhi,264.93
SH00688,DHL,2024-01-13,delivered,Hyderabad,Chennai,281.04
SH00689,BLUEDART,2024-05-29,Delayed,Hyderabad,Mumbai,57.32
SH00690,FEDEX,2024-03-17,Pending,Mumbai,Delhi,254.75
SH00691,DHL,2024-06-03,pending,Chennai,Bangalore,2350.03
SH00692,FEDEX,2024-06-03,in-transit,Delhi,Pune,328.32
SH00693,BLUEDART,not-a-date,Delivered,Delhi,Chennai,417.19
SH00694,FEDEX,2024-06-09,Delayed,Chennai,Bangalore,135.91
SH00695,DHL,2024-06-28,delayed,Mumbai,Bangalore,262.17
SH00696,BLUEDART,2024-01-27,Pending,Delhi,Bangalore,244.3
SH00697,BLUEDART,2024-04-12,DELAYED,Hyderabad,Mumbai,376.08
SH00698,DHL,2024-03-21,in-transit,Mumbai,Delhi,451.79
SH00699,BLUEDART,2024-01-06,Pending,Pune,Chennai,136.49
SH00700,BLUEDART,2024-03-16,IN_TRANSIT,Pune,Chennai,481.91
SH00701,FEDEX,2024-01-23,DELIVERED,Chennai,Bangalore,127.98
SH00702,FEDEX,2024-01-13,In Transit,Pune,Bangalore,446.41
SH00703,BLUEDART,2024-01-30,Delivered,Mumbai,Delhi,302.89
SH00704,DHL,2024-06-25,DELAYED,Hyderabad,Mumbai,351.27
SH00705,FEDEX,2024-06-05,Delivered,Mumbai,Delhi,420.62
SH00706,DHL,2024-04-23,delayed,Pune,Bangalore,379.65
SH00707,DHL,2024-04-16,delivered,Mumbai,Bangalore,160.39
SH00708,DHL,2024-04-16,pending,Pune,Mumbai,160.45
SH00709,DHL,2024-04-27,Delayed,Delhi,Pune,407.57
SH00710,DHL,2024-03-21,,Hyderabad,Delhi,123.95
SH00711,BLUEDART,2024-06-18,in-transit,Chennai,Delhi,238.69
,BLUEDART,2024-03-12,DELAYED,Pune,Mumbai,464.2
SH00713,BLUEDART,2024-06-27,,Hyderabad,Pune,401.7
SH00714,DHL,2024-02-02,Delayed,Hyderabad,Mumbai,177.77
SH00715,BLUEDART,2024-05-18,in_transit,Chennai,Delhi,424.5
SH00716,BLUEDART,2024-05-09,delivered,Mumbai,Chennai,390.45
SH00717,DHL,2024-05-28,pending,Delhi,Chennai,349.48
SH00718,BLUEDART,2024-05-13,Delivered,Hyderabad,Bangalore,197.53
SH00719,DHL,2024-01-21,IN_TRANSIT,Chennai,Pune,449.83
SH00720,BLUEDART,2024-05-29,IN_TRANSIT,Delhi,Pune,498.43
SH00721,FEDEX,2024-05-04,DELIVERED,Chennai,Bangalore,485.61
SH00722,FEDEX,2024-05-23,Delivered,Delhi,Bangalore,320.72
SH00723,DHL,2024-03-19,in-transit,Hyderabad,Bangalore,182.29
SH00724,FEDEX,2024-02-25,Pending,Mumbai,Chennai,269.96
SH00725,FEDEX,2024-03-27,delayed,Delhi,Chennai,425.51
SH00726,BLUEDART,2024-02-08,In Transit,Delhi,Pune,90.19
SH00727,FEDEX,2024-04-23,pending,Pune,Delhi,89.84
SH00728,BLUEDART,2024-01-22,DELAYED,Pune,Delhi,293.83
SH00729,FEDEX,2024-05-16,delivered,Hyderabad,Delhi,173.73
SH00730,BLUEDART,2024-06-04,DELAYED,Delhi,Bangalore,70.24
SH00731,FEDEX,2024-01-24,Delivered,Mumbai,Chennai,293.8
SH00732,DHL,2024-01-16,In Transit,Pune,Chennai,131.66
SH00733,DHL,2024-01-31,in_transit,Delhi,Chennai,388.46
SH00734,FEDEX,2024-04-28,Delivered,Mumbai,Chennai,267.88
SH00735,FEDEX,2024-03-04,pending,Hyderabad,Pune,403.35
SH00736,BLUEDART,2024-02-06,DELIVERED,Hyderabad,Bangalore,401.91
SH00737,FEDEX,2024-06-07,DELIVERED,Mumbai,Delhi,50.24
SH00738,BLUEDART,2024-02-24,Delayed,Delhi,Chennai,176.59
SH00739,DHL,2024-05-22,IN_TRANSIT,Delhi,Bangalore,144.88
SH00740,FEDEX,2024-06-18,In Transit,Pune,Chennai,144.78
,DHL,2024-01-03,IN_TRANSIT,Mumbai,Pune,300.11
SH00742,DHL,2024-06-20,Delivered,Mumbai,Delhi,208.85
SH00743,DHL,2024-02-19,in_transit,Mumbai,Delhi,384.42
SH00744,DHL,2024-02-26,delayed,Mumbai,Chennai,485.28
SH00745,BLUEDART,2024-06-12,,Chennai,Delhi,174.81
SH00746,BLUEDART,2024-01-17,Pending,Hyderabad,Pune,79.27
SH00747,BLUEDART,2024-01-06,Pending,Pune,Bangalore,354.98
SH00748,DHL,2024-03-23,IN_TRANSIT,Delhi,Bangalore,173.32
SH00749,DHL,2024-04-17,In Transit,Chennai,Delhi,52.32
SH00750,DHL,2024-03-04,In Transit,Chennai,Pune,189.86
SH00751,DHL,2024-03-04,in_transit,Hyderabad,Mumbai,481.46
SH00752,DHL,2024-06-09,Delivered,Mumbai,Pune,88.49
SH00753,BLUEDART,2024-04-23,DELAYED,Mumbai,Bangalore,331.78
SH00754,FEDEX,2024-04-15,DELAYED,Delhi,Pune,404.36
SH00755,FEDEX,2024-06-15,,Hyderabad,Pune,61.69
SH00756,DHL,2024-02-19,DELIVERED,Hyderabad,Delhi,336.81
SH00757,FEDEX,2024-01-12,in-transit,Chennai,Bangalore,313.04
SH00758,BLUEDART,2024-03-20,in-transit,Hyderabad,Bangalore,-21.26
SH00759,BLUEDART,2024-02-20,pending,Hyderabad,Delhi,458.83
SH00760,BLUEDART,2024-05-24,DELAYED,Delhi,Chennai,184.83
SH00761,DHL,2024-06-12,in_transit,Delhi,Mumbai,259.94
SH00762,FEDEX,2024-01-02,Delivered,Delhi,Mumbai,211.05
SH00763,BLUEDART,2024-01-08,in-transit,Hyderabad,Mumbai,128.37
SH00764,BLUEDART,2024-02-15,Delivered,Chennai,Bangalore,59.45
SH00765,DHL,2024-03-02,In Transit,Pune,Bangalore,347.41
SH00766,FEDEX,2024-02-03,in_transit,Mumbai,Delhi,289.65
SH00767,BLUEDART,2024-05-30,Delayed,Chennai,Delhi,182.38
SH00768,FEDEX,2024-01-21,,Chennai,Pune,348.58
SH00769,BLUEDART,2024-04-28,Pending,Hyderabad,Mumbai,218.25
SH00770,FEDEX,2024-05-29,in_transit,Hyderabad,Chennai,148.79
SH00771,FEDEX,2024-04-05,Delivered,Delhi,Pune,110.45
SH00772,BLUEDART,2024-03-27,delayed,Mumbai,Pune,244.63
SH00773,DHL,2024-06-14,Delivered,Chennai,Pune,182.53
SH00774,FEDEX,2024-04-02,in_transit,Chennai,Delhi,200.19
SH00775,BLUEDART,2024-02-05,,Pune,Bangalore,372.28
SH00776,FEDEX,2024-05-28,delivered,Pune,Chennai,262.4
SH00777,FEDEX,2024-02-23,Delayed,Chennai,Bangalore,314.15
SH00778,FEDEX,2024-04-19,Pending,Mumbai,Chennai,237.96
SH00779,DHL,2024-01-03,pending,Hyderabad,Bangalore,425.43
SH00780,FEDEX,2024-01-06,delivered,Hyderabad,Mumbai,464.96
SH00781,BLUEDART,2024-04-10,in_transit,Hyderabad,Pune,476.91
SH00782,FEDEX,2024-03-18,Delivered,Hyderabad,Chennai,353.7
SH00783,DHL,2024-04-08,in_transit,Chennai,Bangalore,181.0
SH00784,DHL,2024-04-15,Delivered,Chennai,Mumbai,108.11
SH00785,DHL,2024-06-19,DELAYED,Chennai,Bangalore,308.79
,FEDEX,2024-02-06,,Pune,Bangalore,229.66
SH00787,FEDEX,2024-01-24,delayed,Delhi,Pune,206.05
SH00788,DHL,2024-06-07,delayed,Delhi,Mumbai,223.1
SH00789,BLUEDART,2024-02-10,pending,Mumbai,Bangalore,291.98
SH00790,DHL,2024-05-21,In Transit,Delhi,Pune,84.44
SH00791,FEDEX,2024-01-12,Delivered,Chennai,Mumbai,337.49
SH00792,FEDEX,2024-03-05,DELIVERED,Chennai,Pune,197.2
SH00793,BLUEDART,2024-03-12,DELIVERED,Chennai,Pune,427.32
SH00794,BLUEDART,2024-01-03,DELIVERED,Delhi,Mumbai,248.3
SH00795,BLUEDART,2024-06-11,pending,Chennai,Pune,348.14
SH00796,FEDEX,2024-04-06,in_transit,Mumbai,Delhi,218.59
SH00797,DHL,2024-01-17,Delivered,Pune,Bangalore,408.62
SH00798,FEDEX,2024-03-23,in_transit,Hyderabad,Delhi,331.1
SH00799,DHL,not-a-date,pending,Chennai,Delhi,192.31
SH00800,FEDEX,2024-02-25,,Hyderabad,Mumbai,319.49
SH00801,BLUEDART,2024-06-02,pending,Chennai,Mumbai,363.34
SH00802,FEDEX,2024-06-19,In Transit,Chennai,Mumbai,57.94
SH00803,BLUEDART,2024-06-06,Delivered,Chennai,Delhi,188.98
SH00804,DHL,2024-02-21,in_transit,Chennai,Mumbai,338.92
SH00805,FEDEX,2024-06-13,delivered,Pune,Bangalore,284.39
SH00806,DHL,2024-02-22,pending,Chennai,Mumbai,494.77
SH00807,FEDEX,not-a-date,,Hyderabad,Mumbai,271.24
SH00808,DHL,2024-05-20,in_transit,Chennai,Delhi,156.34
SH00809,BLUEDART,2024-06-04,in-transit,Chennai,Bangalore,309.39
SH00810,FEDEX,2024-02-12,IN_TRANSIT,Mumbai,Chennai,277.38
SH00811,FEDEX,2024-01-22,in-transit,Mumbai,Pune,317.83
SH00812,FEDEX,2024-05-23,Delivered,Pune,Chennai,199.96
SH00813,DHL,2024-04-16,Pending,Mumbai,Chennai,217.92
SH00814,FEDEX,2024-05-24,,Mumbai,Delhi,246.33
SH00815,BLUEDART,2024-06-15,IN_TRANSIT,Delhi,Chennai,381.05
SH00816,BLUEDART,2024-04-26,DELIVERED,Mumbai,Bangalore,164.43
SH00817,DHL,2024-04-08,DELAYED,Mumbai,Delhi,488.37
SH00818,DHL,2024-05-08,pending,Delhi,Chennai,448.99
SH00819,BLUEDART,2024-03-29,in-transit,Mumbai,Delhi,386.93
SH00820,DHL,2024-06-27,IN_TRANSIT,Delhi,Bangalore,344.53
SH00821,BLUEDART,2024-05-08,delayed,Chennai,Bangalore,305.19
SH00822,DHL,2024-06-08,pending,Pune,Chennai,124.76
SH00823,FEDEX,2024-06-21,delivered,Mumbai,Bangalore,3747.34
SH00824,DHL,2024-05-13,,Chennai,Delhi,169.63
SH00825,FEDEX,2024-03-02,pending,Pune,Mumbai,229.31
SH00826,DHL,2024-04-12,DELIVERED,Mumbai,Pune,61.56
SH00827,DHL,2024-06-17,Delayed,Pune,Chennai,235.91
SH00828,FEDEX,2024-03-24,in_transit,Mumbai,Chennai,323.04
SH00829,FEDEX,2024-03-16,Pending,Delhi,Bangalore,114.42
SH00830,BLUEDART,2024-01-23,pending,Mumbai,Bangalore,498.34
SH00831,DHL,2024-02-13,pending,Delhi,Mumbai,364.96
SH00832,FEDEX,2024-03-06,pending,Delhi,Chennai,105.39
SH00833,DHL,2024-06-02,In Transit,Pune,Bangalore,219.65
SH00834,BLUEDART,2024-02-27,in-transit,Hyderabad,Chennai,89.46
SH00835,BLUEDART,2024-03-21,DELAYED,Mumbai,Chennai,381.61
SH00836,FEDEX,2024-06-22,DELIVERED,Delhi,Chennai,283.89
SH00837,BLUEDART,2024-03-16,delayed,Delhi,Chennai,355.99
SH00838,BLUEDART,2024-06-25,,Mumbai,Chennai,367.94
SH00839,BLUEDART,2024-03-26,Pending,Delhi,Bangalore,144.78
SH00840,DHL,2024-03-17,pending,Chennai,Pune,460.57
SH00841,FEDEX,2024-04-10,Pending,Delhi,Chennai,177.37
SH00842,FEDEX,2024-05-28,delivered,Mumbai,Bangalore,432.41
SH00843,DHL,2024-02-07,,Delhi,Pune,4177.87
SH00844,BLUEDART,2024-04-19,DELIVERED,Chennai,Pune,466.69
SH00845,DHL,2024-02-08,IN_TRANSIT,Mumbai,Chennai,160.25
SH00846,BLUEDART,2024-06-20,,Chennai,Pune,258.65
SH00847,FEDEX,2024-01-22,pending,Pune,Delhi,350.96
SH00848,BLUEDART,2024-01-25,DELIVERED,Delhi,Chennai,222.78
SH00849,DHL,2024-05-17,,Mumbai,Chennai,365.33
SH00850,BLUEDART,2024-05-29,,Delhi,Bangalore,405.53
,DHL,2024-04-24,Delivered,Chennai,Bangalore,67.61
SH00852,FEDEX,2024-05-09,Delayed,Mumbai,Delhi,127.22
SH00853,DHL,2024-04-23,delayed,Hyderabad,Mumbai,362.8
SH00854,BLUEDART,2024-06-18,in_transit,Hyderabad,Bangalore,66.53
SH00855,DHL,2024-04-01,Pending,Hyderabad,Pune,330.04
SH00856,DHL,2024-03-06,Pending,Delhi,Pune,114.46
SH00857,BLUEDART,2024-06-14,DELAYED,Chennai,Mumbai,123.82
SH00858,FEDEX,2024-02-01,pending,Mumbai,Bangalore,296.77
SH00859,FEDEX,2024-02-27,Delivered,Pune,Bangalore,219.72
SH00860,DHL,2024-05-05,In Transit,Chennai,Mumbai,365.2
SH00861,DHL,2024-04-09,,Chennai,Mumbai,383.58
SH00862,FEDEX,2024-06-24,DELIVERED,Delhi,Mumbai,345.9
SH00863,BLUEDART,2024-04-17,DELIVERED,Pune,Bangalore,247.53
SH00864,FEDEX,2024-01-23,IN_TRANSIT,Hyderabad,Bangalore,396.76
SH00865,DHL,2024-01-22,Delayed,Mumbai,Bangalore,468.32
SH00866,BLUEDART,2024-05-11,pending,Hyderabad,Bangalore,449.64
SH00867,BLUEDART,2024-03-29,Pending,Mumbai,Pune,347.53
SH00868,BLUEDART,2024-02-13,,Hyderabad,Delhi,285.58
SH00869,BLUEDART,2024-04-07,Delivered,Pune,Delhi,202.08
SH00870,DHL,2024-03-08,Pending,Pune,Mumbai,334.03
SH00871,BLUEDART,2024-06-07,delivered,Hyderabad,Delhi,210.08
SH00872,DHL,2024-01-03,delayed,Pune,Bangalore,138.89
SH00873,FEDEX,2024-03-05,IN_TRANSIT,Mumbai,Bangalore,218.44
SH00874,FEDEX,2024-04-22,In Transit,Mumbai,Pune,-6.7
SH00875,FEDEX,2024-03-25,DELIVERED,Mumbai,Bangalore,349.79
SH00876,DHL,2024-06-23,In Transit,Delhi,Pune,387.99
SH00877,BLUEDART,2024-01-28,DELIVERED,Delhi,Mumbai,119.99
SH00878,BLUEDART,2024-01-03,in-transit,Pune,Chennai,177.0
SH00879,BLUEDART,2024-01-30,Pending,Hyderabad,Bangalore,161.31
SH00880,DHL,2024-05-31,DELIVERED,Hyderabad,Pune,153.22
SH00881,DHL,2024-01-24,IN_TRANSIT,Delhi,Bangalore,233.28
SH00882,FEDEX,2024-04-19,in-transit,Delhi,Pune,99.52
SH00883,DHL,2024-01-01,Pending,Pune,Delhi,194.74
SH00884,FEDEX,2024-04-03,Delivered,Chennai,Mumbai,93.6
SH00885,FEDEX,2024-05-30,In Transit,Pune,Mumbai,157.21
SH00886,DHL,2024-06-16,in_transit,Chennai,Delhi,367.1
SH00887,FEDEX,2024-02-21,DELIVERED,Pune,Chennai,69.71
SH00888,BLUEDART,2024-01-31,Delivered,Pune,Mumbai,267.27
SH00889,DHL,2024-02-03,DELAYED,Hyderabad,Mumbai,77.36
SH00890,FEDEX,2024-02-12,Delayed,Hyderabad,Pune,222.87
SH00891,DHL,2024-05-31,,Mumbai,Bangalore,280.76
SH00892,DHL,2024-02-13,Delayed,Pune,Mumbai,157.2
SH00893,DHL,2024-03-04,in_transit,Pune,Delhi,-32.97
SH00894,DHL,2024-04-14,in-transit,Hyderabad,Mumbai,196.09
SH00895,DHL,2024-01-05,,Pune,Bangalore,400.18
SH00896,FEDEX,2024-02-26,in_transit,Pune,Bangalore,311.75
SH00897,DHL,2024-05-02,DELIVERED,Delhi,Chennai,256.73
SH00898,BLUEDART,2024-02-11,,Chennai,Mumbai,227.39
SH00899,DHL,2024-05-14,,Delhi,Pune,413.6
SH00900,DHL,2024-01-22,pending,Mumbai,Bangalore,4374.98
SH00901,FEDEX,2024-05-24,,Mumbai,Bangalore,123.41
SH00902,BLUEDART,2024-01-12,in-transit,Pune,Delhi,96.15
SH00230,DHL,2024-03-31,in_transit,Chennai,Pune,464.76
SH00904,DHL,2024-02-27,in-transit,Delhi,Mumbai,210.79
SH00905,DHL,2024-05-15,DELIVERED,Mumbai,Bangalore,355.74
SH00906,FEDEX,2024-05-07,in-transit,Pune,Delhi,414.82
SH00153,BLUEDART,2024-04-24,,Chennai,Mumbai,489.35
SH00908,BLUEDART,2024-02-02,IN_TRANSIT,Pune,Bangalore,208.67
SH00909,BLUEDART,2024-06-16,IN_TRANSIT,Pune,Bangalore,238.4
SH00910,DHL,2024-04-17,,Delhi,Bangalore,362.07
SH00911,DHL,2024-05-01,Delivered,Chennai,Delhi,76.81
SH00912,DHL,2024-05-21,IN_TRANSIT,Pune,Chennai,159.12
SH00913,BLUEDART,2024-06-27,In Transit,Chennai,Pune,74.34
SH00914,BLUEDART,2024-02-06,Delivered,Chennai,Delhi,55.61
SH00915,FEDEX,2024-03-27,pending,Chennai,Mumbai,362.86
SH00916,DHL,2024-01-03,IN_TRANSIT,Hyderabad,Bangalore,355.96
SH00917,BLUEDART,2024-04-18,in-transit,Hyderabad,Mumbai,487.91
SH00918,DHL,2024-02-17,Delayed,Delhi,Bangalore,322.29
SH00919,BLUEDART,2024-04-05,in_transit,Delhi,Pune,171.46
SH00920,FEDEX,2024-05-18,in_transit,Mumbai,Bangalore,318.7
SH00921,BLUEDART,2024-05-25,DELAYED,Mumbai,Bangalore,493.92
SH00922,FEDEX,2024-04-11,In Transit,Mumbai,Chennai,388.33
SH00923,DHL,2024-05-08,,Pune,Chennai,398.78
SH00924,DHL,2024-04-28,pending,Pune,Bangalore,91.98
SH00925,BLUEDART,2024-05-08,Pending,Chennai,Bangalore,323.93
SH00926,DHL,2024-04-20,Pending,Pune,Mumbai,398.38
SH00927,DHL,2024-01-04,,Chennai,Pune,189.29
SH00928,FEDEX,2024-03-16,in-transit,Mumbai,Pune,309.43
SH00929,FEDEX,2024-04-23,DELIVERED,Pune,Chennai,472.92
SH00930,FEDEX,2024-06-23,In Transit,Delhi,Pune,280.62
SH00931,FEDEX,2024-06-23,pending,Hyderabad,Chennai,75.68
SH00932,DHL,2024-05-25,Delivered,Mumbai,Chennai,150.37
SH00933,FEDEX,2024-02-16,IN_TRANSIT,Hyderabad,Chennai,395.7
SH00934,BLUEDART,2024-05-01,delayed,Delhi,Mumbai,67.23
SH00935,FEDEX,2024-04-07,,Hyderabad,Delhi,212.67
SH00936,DHL,2024-02-15,Delivered,Delhi,Chennai,173.26
SH00937,FEDEX,2024-03-07,delivered,Hyderabad,Bangalore,91.6
SH00938,DHL,2024-05-03,Pending,Chennai,Mumbai,402.74
SH00939,BLUEDART,2024-06-01,Pending,Delhi,Bangalore,350.58
SH00940,BLUEDART,2024-04-27,delayed,Pune,Delhi,438.94
SH00941,BLUEDART,2024-02-02,pending,Mumbai,Pune,486.26
SH00942,FEDEX,2024-02-25,in_transit,Hyderabad,Bangalore,487.29
SH00943,DHL,2024-02-01,pending,Pune,Mumbai,499.57
SH00944,FEDEX,2024-02-15,In Transit,Hyderabad,Mumbai,129.6
SH00945,BLUEDART,2024-01-26,,Delhi,Chennai,426.76
SH00946,DHL,2024-05-08,delivered,Delhi,Bangalore,350.47
SH00947,BLUEDART,2024-04-30,In Transit,Delhi,Bangalore,485.43
SH00948,BLUEDART,2024-02-27,in-transit,Delhi,Bangalore,445.82
SH00949,FEDEX,2024-04-16,delivered,Chennai,Delhi,119.02
SH00950,BLUEDART,2024-05-26,in_transit,Pune,Mumbai,300.08
SH00951,DHL,2024-06-11,Pending,Hyderabad,Chennai,128.17
SH00952,DHL,2024-04-10,pending,Chennai,Delhi,462.5
SH00953,DHL,2024-06-09,DELIVERED,Mumbai,Delhi,62.52
SH00954,FEDEX,2024-06-11,In Transit,Mumbai,Bangalore,133.95
SH00955,DHL,2024-03-11,DELIVERED,Delhi,Chennai,332.35
SH00956,FEDEX,2024-03-13,DELIVERED,Hyderabad,Delhi,91.75
SH00957,FEDEX,2024-04-15,pending,Mumbai,Pune,84.34
SH00958,FEDEX,2024-02-15,pending,Chennai,Bangalore,322.99
SH00959,FEDEX,2024-02-10,in-transit,Hyderabad,Pune,466.96
SH00960,BLUEDART,2024-01-30,delivered,Chennai,Bangalore,197.39
SH00961,FEDEX,2024-01-24,Delayed,Pune,Chennai,343.37
SH00962,FEDEX,2024-06-24,Pending,Chennai,Mumbai,176.49
SH00963,FEDEX,2024-05-04,delayed,Chennai,Bangalore,240.68
SH00964,BLUEDART,2024-03-31,pending,Delhi,Pune,418.7
SH00965,FEDEX,2024-06-14,Delayed,Hyderabad,Chennai,208.51
SH00966,DHL,2024-06-17,DELIVERED,Pune,Bangalore,400.78
SH00337,DHL,2024-05-23,in-transit,Delhi,Chennai,320.81
SH00968,BLUEDART,2024-04-21,In Transit,Mumbai,Pune,139.17
SH00969,FEDEX,2024-02-13,DELAYED,Delhi,Bangalore,222.29
SH00970,BLUEDART,2024-04-13,Delayed,Mumbai,Pune,463.12
SH00971,DHL,2024-03-29,Delayed,Delhi,Chennai,398.58
SH00972,FEDEX,2024-06-07,in_transit,Delhi,Bangalore,71.53
SH00973,BLUEDART,2024-02-18,,Delhi,Mumbai,216.0
SH00974,DHL,2024-03-18,In Transit,Pune,Delhi,359.56
SH00975,DHL,2024-03-22,,Hyderabad,Chennai,312.86
SH00976,BLUEDART,2024-06-18,in-transit,Mumbai,Bangalore,194.86
SH00977,FEDEX,2024-03-03,Pending,Mumbai,Chennai,435.14
SH00978,DHL,2024-04-08,Delivered,Mumbai,Bangalore,203.2
SH00979,FEDEX,2024-05-09,DELIVERED,Pune,Chennai,148.45
SH00980,BLUEDART,2024-03-12,pending,Chennai,Pune,188.22
,DHL,2024-04-27,delivered,Mumbai,Bangalore,264.31
SH00982,BLUEDART,2024-02-08,IN_TRANSIT,Mumbai,Chennai,278.57
SH00983,BLUEDART,2024-02-18,DELAYED,Delhi,Pune,174.17
SH00984,DHL,2024-01-14,DELAYED,Chennai,Delhi,169.78
SH00985,BLUEDART,2024-02-26,Pending,Delhi,Pune,170.72
SH00986,FEDEX,2024-01-25,Pending,Hyderabad,Mumbai,329.95
SH00987,DHL,2024-03-26,DELIVERED,Pune,Delhi,483.01
SH00988,FEDEX,2024-01-03,delayed,Mumbai,Bangalore,312.42
SH00989,DHL,2024-05-14,,Hyderabad,Mumbai,115.96
SH00990,FEDEX,2024-03-06,in-transit,Delhi,Chennai,213.93
SH00991,BLUEDART,2024-06-24,pending,Hyderabad,Chennai,59.33
SH00992,DHL,2024-05-27,IN_TRANSIT,Pune,Chennai,211.74
SH00993,BLUEDART,2024-06-22,delayed,Mumbai,Chennai,494.3
SH00994,FEDEX,2024-03-11,delivered,Pune,Chennai,310.78
SH00995,FEDEX,2024-01-03,pending,Hyderabad,Mumbai,116.21
SH00996,BLUEDART,2024-01-17,delivered,Chennai,Mumbai,254.24
SH00997,FEDEX,2024-06-18,delivered,Pune,Delhi,163.15
SH00998,BLUEDART,2024-03-10,Pending,Hyderabad,Bangalore,138.53
SH00999,FEDEX,2024-06-12,IN_TRANSIT,Pune,Bangalore,485.11
SH01000,FEDEX,2024-03-23,DELIVERED,Chennai,Pune,357.49
