shipment_id,carrier,ship_date,status,origin,destination,freight_cost,cost_flag
SH00001,DHL,2024-01-27,delayed,Pune,Bangalore,89.12,False
SH00002,BLUEDART,2024-06-15,in_transit,Hyderabad,Delhi,149.2,False
SH00003,DHL,2024-02-25,in_transit,Delhi,Chennai,95.99,False
SH00004,FEDEX,2024-04-06,in_transit,Mumbai,Pune,423.23,False
SH00005,BLUEDART,2024-03-15,,Mumbai,Delhi,154.76,False
SH00006,FEDEX,2024-06-20,pending,Chennai,Mumbai,341.62,False
SH00007,DHL,2024-06-12,in_transit,Delhi,Pune,358.08,False
SH00008,DHL,2024-02-24,delayed,Pune,Chennai,444.37,False
SH00009,BLUEDART,2024-03-04,delayed,Delhi,Mumbai,168.23,False
SH00010,DHL,2024-01-13,delivered,Chennai,Pune,332.35,False
SH00011,FEDEX,2024-05-21,delivered,Hyderabad,Chennai,356.13,False
SH00012,BLUEDART,2024-02-10,pending,Pune,Delhi,444.13,False
SH00013,DHL,2024-02-11,,Pune,Bangalore,465.1,False
SH00014,DHL,2024-03-02,delivered,Pune,Mumbai,88.54,False
SH00015,DHL,2024-02-12,,Chennai,Pune,322.97,False
SH00016,BLUEDART,2024-06-20,delayed,Chennai,Mumbai,454.83,False
SH00018,DHL,2024-05-04,delivered,Hyderabad,Bangalore,375.51,False
SH00019,FEDEX,2024-06-17,in_transit,Delhi,Mumbai,235.0,False
SH00020,BLUEDART,2024-03-27,delivered,Mumbai,Delhi,161.9,False
SH00021,FEDEX,2024-01-20,,Delhi,Mumbai,435.19,False
SH00022,DHL,2024-05-04,,Mumbai,Bangalore,230.47,False
SH00023,FEDEX,2024-05-22,delayed,Delhi,Chennai,119.66,False
SH00024,BLUEDART,2024-05-29,,Mumbai,Chennai,289.01,False
SH00025,DHL,2024-03-01,delayed,Hyderabad,Delhi,160.8,False
SH00026,BLUEDART,2024-03-07,pending,Hyderabad,Pune,191.38,False
SH00028,DHL,2024-04-22,pending,Chennai,Mumbai,186.13,False
SH00029,BLUEDART,2024-01-27,delivered,Hyderabad,Mumbai,169.01,False
SH00030,FEDEX,2024-02-22,,Hyderabad,Bangalore,168.79,False
SH00031,DHL,2024-03-26,pending,Delhi,Chennai,490.91,False
SH00032,BLUEDART,2024-06-25,delayed,Mumbai,Delhi,66.21,False
SH00033,DHL,2024-01-11,in_transit,Pune,Mumbai,356.93,False
SH00034,FEDEX,2024-03-01,,Hyderabad,Bangalore,414.85,False
SH00035,FEDEX,2024-06-28,,Delhi,Mumbai,67.43,False
SH00036,FEDEX,2024-06-17,in_transit,Pune,Bangalore,175.37,False
SH00037,BLUEDART,2024-01-30,in_transit,Delhi,Chennai,130.36,False
SH00038,FEDEX,2024-05-10,delayed,Pune,Mumbai,135.54,False
SH00039,BLUEDART,2024-06-19,delayed,Chennai,Mumbai,191.26,False
SH00040,FEDEX,2024-03-16,in_transit,Delhi,Chennai,239.2,False
SH00041,BLUEDART,2024-01-01,in_transit,Hyderabad,Mumbai,243.45,False
SH00042,FEDEX,2024-02-13,in_transit,Chennai,Pune,281.95,False
SH00044,BLUEDART,2024-04-08,in_transit,Hyderabad,Bangalore,116.41,False
SH00045,DHL,2024-06-27,delivered,Delhi,Mumbai,300.83,False
SH00046,FEDEX,2024-04-23,pending,Hyderabad,Pune,451.41,False
SH00047,DHL,2024-03-04,in_transit,Delhi,Pune,394.62,False
SH00048,DHL,2024-03-22,delivered,Pune,Bangalore,112.27,False
SH00049,DHL,2024-04-29,in_transit,Delhi,Pune,424.8,False
SH00050,DHL,2024-03-31,in_transit,Hyderabad,Chennai,434.05,False
SH00051,BLUEDART,2024-03-10,delivered,Hyderabad,Bangalore,224.99,False
SH00052,FEDEX,2024-05-31,delivered,Chennai,Delhi,87.78,False
SH00053,FEDEX,2024-03-24,in_transit,Delhi,Chennai,175.22,False
SH00054,FEDEX,2024-03-30,delivered,Mumbai,Delhi,401.55,False
SH00055,DHL,2024-05-01,delayed,Mumbai,Bangalore,476.49,False
SH00056,BLUEDART,2024-02-11,delivered,Hyderabad,Delhi,310.41,False
SH00057,FEDEX,2024-06-25,in_transit,Delhi,Mumbai,95.86,False
SH00058,DHL,2024-04-19,delivered,Hyderabad,Delhi,277.68,False
SH00059,DHL,2024-04-27,in_transit,Delhi,Chennai,129.26,False
SH00060,BLUEDART,2024-05-31,,Delhi,Pune,160.47,False
SH00062,FEDEX,2024-05-12,delivered,Hyderabad,Mumbai,158.61,False
SH00063,FEDEX,2024-01-24,in_transit,Delhi,Pune,361.3,False
SH00064,BLUEDART,2024-05-20,pending,Pune,Chennai,254.19,False
SH00065,FEDEX,2024-05-03,delayed,Mumbai,Bangalore,489.47,False
SH00067,DHL,2024-05-26,delayed,Delhi,Bangalore,248.21,False
SH00068,FEDEX,2024-01-19,pending,Mumbai,Delhi,74.12,False
SH00069,DHL,2024-06-07,delayed,Mumbai,Pune,221.17,False
SH00070,FEDEX,2024-01-26,in_transit,Pune,Delhi,331.48,False
SH00072,FEDEX,2024-06-09,,Mumbai,Bangalore,470.15,False
SH00073,FEDEX,2024-03-19,,Chennai,Delhi,306.14,False
SH00074,BLUEDART,2024-05-06,delayed,Delhi,Chennai,67.94,False
SH00075,DHL,2024-06-21,delayed,Chennai,Delhi,68.1,False
SH00076,FEDEX,2024-05-05,delayed,Chennai,Pune,206.58,False
SH00077,FEDEX,2024-04-12,delayed,Delhi,Pune,66.51,False
SH00078,FEDEX,2024-05-18,delivered,Hyderabad,Delhi,134.41,False
SH00079,DHL,2024-03-14,pending,Chennai,Mumbai,268.12,False
SH00080,BLUEDART,2024-05-21,in_transit,Chennai,Mumbai,496.52,False
SH00081,DHL,2024-03-10,delayed,Delhi,Chennai,491.11,False
SH00082,BLUEDART,2024-03-11,,Hyderabad,Bangalore,236.72,False
SH00083,FEDEX,2024-04-24,in_transit,Pune,Chennai,199.6,False
SH00084,DHL,2024-04-15,pending,Chennai,Pune,262.84,False
SH00085,BLUEDART,2024-02-02,delayed,Chennai,Pune,199.4,False
SH00086,FEDEX,2024-06-16,delivered,Mumbai,Bangalore,261.27,False
SH00087,BLUEDART,2024-05-16,in_transit,Mumbai,Chennai,332.06,False
SH00088,BLUEDART,2024-03-14,pending,Mumbai,Bangalore,90.67,False
SH00089,DHL,2024-01-08,,Delhi,Mumbai,75.25,False
SH00090,FEDEX,2024-01-21,in_transit,Hyderabad,Bangalore,328.87,False
SH00091,FEDEX,2024-01-03,delayed,Pune,Chennai,455.54,False
SH00092,FEDEX,2024-04-18,delayed,Hyderabad,Mumbai,430.39,False
SH00093,DHL,2024-06-28,,Delhi,Chennai,346.2,False
SH00094,BLUEDART,2024-03-14,in_transit,Mumbai,Pune,323.18,False
SH00095,BLUEDART,2024-06-14,,Chennai,Delhi,248.37,False
SH00096,FEDEX,2024-02-03,in_transit,Pune,Chennai,288.88,False
SH00097,FEDEX,2024-04-29,delivered,Pune,Mumbai,389.37,False
SH00100,FEDEX,2024-01-12,in_transit,Pune,Chennai,498.17,False
SH00101,FEDEX,2024-06-27,in_transit,Delhi,Chennai,314.3,False
SH00102,FEDEX,2024-03-12,in_transit,Hyderabad,Chennai,147.77,False
SH00103,BLUEDART,2024-03-11,delivered,Pune,Mumbai,477.05,False
SH00104,BLUEDART,2024-03-26,delivered,Hyderabad,Delhi,404.14,False
SH00105,BLUEDART,2024-02-07,delayed,Chennai,Bangalore,51.28,False
SH00106,FEDEX,2024-01-07,in_transit,Chennai,Delhi,405.49,False
SH00107,DHL,2024-01-17,,Chennai,Pune,212.92,False
SH00108,BLUEDART,2024-01-08,delayed,Mumbai,Chennai,431.28,False
SH00109,FEDEX,2024-02-07,in_transit,Mumbai,Delhi,330.94,False
SH00110,BLUEDART,2024-06-03,,Hyderabad,Mumbai,365.8,False
SH00111,BLUEDART,2024-02-28,,Chennai,Pune,254.07,False
SH00112,BLUEDART,2024-06-24,delivered,Pune,Mumbai,91.05,False
SH00113,FEDEX,2024-05-23,pending,Chennai,Delhi,105.0,False
SH00114,BLUEDART,2024-03-31,delayed,Mumbai,Chennai,145.73,False
SH00115,BLUEDART,2024-05-26,in_transit,Pune,Delhi,430.32,False
SH00116,BLUEDART,2024-06-17,in_transit,Hyderabad,Delhi,63.03,False
SH00117,FEDEX,2024-05-24,delivered,Mumbai,Bangalore,113.84,False
SH00118,DHL,2024-02-10,pending,Delhi,Pune,195.97,False
SH00119,DHL,2024-03-10,in_transit,Chennai,Delhi,268.55,False
SH00120,DHL,2024-06-22,delayed,Pune,Chennai,287.12,False
SH00121,DHL,2024-02-24,,Mumbai,Bangalore,4241.04,True
SH00122,FEDEX,2024-06-20,delivered,Hyderabad,Bangalore,228.68,False
SH00123,DHL,2024-06-12,delivered,Pune,Chennai,232.26,False
SH00124,FEDEX,2024-01-28,delayed,Pune,Delhi,230.2,False
SH00125,DHL,2024-06-11,delayed,Pune,Bangalore,137.26,False
SH00126,BLUEDART,2024-03-06,delayed,Chennai,Bangalore,118.79,False
SH00127,BLUEDART,2024-05-28,delayed,Delhi,Pune,339.35,False
SH00128,FEDEX,2024-04-23,,Chennai,Pune,173.6,False
SH00129,FEDEX,2024-03-14,,Mumbai,Delhi,489.82,False
SH00130,BLUEDART,2024-05-26,in_transit,Hyderabad,Delhi,322.25,False
SH00131,FEDEX,2024-04-22,delayed,Mumbai,Bangalore,285.24,False
SH00132,FEDEX,2024-06-14,in_transit,Pune,Delhi,92.53,False
SH00133,BLUEDART,2024-05-29,in_transit,Hyderabad,Bangalore,189.6,False
SH00134,BLUEDART,2024-06-13,,Mumbai,Chennai,107.51,False
SH00135,BLUEDART,2024-01-05,delivered,Mumbai,Pune,478.03,False
SH00136,DHL,2024-01-26,delayed,Chennai,Delhi,425.8,False
SH00137,BLUEDART,2024-02-16,,Chennai,Pune,331.13,False
SH00138,FEDEX,2024-04-24,in_transit,Chennai,Pune,189.26,False
SH00139,FEDEX,2024-03-13,delayed,Hyderabad,Chennai,287.36,False
SH00140,DHL,2024-04-05,delivered,Pune,Delhi,370.13,False
SH00141,DHL,2024-02-07,delivered,Pune,Chennai,475.89,False
SH00142,DHL,2024-04-05,delivered,Delhi,Bangalore,218.71,False
SH00143,BLUEDART,2024-03-14,delayed,Pune,Bangalore,363.23,False
SH00144,DHL,2024-02-08,pending,Mumbai,Delhi,324.0,False
SH00145,DHL,2024-06-08,delivered,Mumbai,Bangalore,426.51,False
SH00146,BLUEDART,2024-01-01,in_transit,Chennai,Bangalore,306.8,False
SH00147,FEDEX,2024-04-30,in_transit,Mumbai,Delhi,491.47,False
SH00148,FEDEX,2024-03-26,in_transit,Chennai,Delhi,295.71,False
SH00149,FEDEX,2024-01-17,delayed,Delhi,Mumbai,66.64,False
SH00150,FEDEX,2024-05-19,delivered,Pune,Chennai,388.98,False
SH00151,BLUEDART,2024-04-04,in_transit,Pune,Mumbai,384.49,False
SH00152,FEDEX,2024-05-12,delivered,Delhi,Chennai,377.19,False
SH00153,BLUEDART,2024-03-24,in_transit,Pune,Mumbai,250.66,False
SH00154,FEDEX,2024-04-21,,Mumbai,Chennai,476.56,False
SH00155,BLUEDART,2024-06-04,delayed,Chennai,Delhi,65.66,False
SH00156,FEDEX,2024-06-22,in_transit,Hyderabad,Delhi,217.41,False
SH00158,FEDEX,2024-03-14,delayed,Delhi,Mumbai,140.08,False
SH00159,BLUEDART,2024-03-22,pending,Delhi,Bangalore,79.22,False
SH00160,BLUEDART,2024-02-01,,Chennai,Mumbai,112.49,False
SH00161,FEDEX,2024-01-23,in_transit,Delhi,Mumbai,499.82,False
SH00162,BLUEDART,2024-06-13,delayed,Mumbai,Bangalore,356.05,False
SH00163,BLUEDART,2024-02-03,,Hyderabad,Bangalore,74.94,False
SH00164,FEDEX,2024-05-12,,Chennai,Mumbai,85.49,False
SH00165,BLUEDART,2024-02-13,delayed,Pune,Delhi,119.39,False
SH00166,BLUEDART,2024-06-13,in_transit,Mumbai,Delhi,343.01,False
SH00167,FEDEX,2024-03-18,,Hyderabad,Mumbai,413.31,False
SH00168,DHL,2024-02-22,delivered,Delhi,Pune,190.66,False
SH00169,FEDEX,2024-01-28,delayed,Chennai,Mumbai,105.13,False
SH00170,FEDEX,2024-02-10,delayed,Hyderabad,Chennai,374.51,False
SH00171,FEDEX,2024-01-24,delayed,Delhi,Chennai,255.75,False
SH00172,FEDEX,2024-01-03,in_transit,Delhi,Pune,110.27,False
SH00173,DHL,2024-02-19,in_transit,Delhi,Bangalore,83.09,False
SH00174,BLUEDART,2024-01-25,,Hyderabad,Delhi,494.05,False
SH00175,BLUEDART,2024-01-12,pending,Hyderabad,Chennai,199.87,False
SH00176,BLUEDART,2024-03-22,delayed,Chennai,Mumbai,382.69,False
SH00177,BLUEDART,2024-01-05,pending,Delhi,Chennai,99.32,False
SH00178,BLUEDART,2024-06-16,,Mumbai,Pune,310.31,False
SH00179,BLUEDART,2024-06-23,delayed,Hyderabad,Chennai,476.69,False
SH00180,DHL,2024-06-05,,Delhi,Mumbai,431.77,False
SH00181,BLUEDART,2024-03-21,delayed,Pune,Chennai,460.46,False
SH00182,BLUEDART,2024-03-04,in_transit,Pune,Chennai,151.19,False
SH00183,DHL,2024-05-23,,Delhi,Chennai,374.75,False
SH00184,FEDEX,2024-03-14,delivered,Pune,Bangalore,205.86,False
SH00185,DHL,2024-06-27,delivered,Hyderabad,Mumbai,327.05,False
SH00186,BLUEDART,2024-04-15,delayed,Chennai,Bangalore,3651.06,True
SH00187,FEDEX,2024-03-14,pending,Delhi,Pune,76.62,False
SH00188,BLUEDART,2024-02-15,delivered,Mumbai,Bangalore,498.73,False
SH00189,FEDEX,2024-06-03,in_transit,Mumbai,Delhi,178.05,False
SH00190,DHL,2024-01-29,pending,Hyderabad,Chennai,256.51,False
SH00191,FEDEX,2024-06-12,,Hyderabad,Bangalore,242.47,False
SH00192,DHL,2024-01-02,in_transit,Delhi,Chennai,251.03,False
SH00193,BLUEDART,2024-06-26,pending,Mumbai,Chennai,103.2,False
SH00194,BLUEDART,2024-03-16,in_transit,Pune,Delhi,148.61,False
SH00195,BLUEDART,2024-04-30,,Pune,Chennai,348.84,False
SH00196,DHL,2024-04-02,delayed,Hyderabad,Chennai,100.49,False
SH00197,BLUEDART,2024-05-13,pending,Chennai,Bangalore,142.43,False
SH00198,DHL,2024-04-26,delayed,Delhi,Mumbai,258.07,False
SH00199,DHL,2024-03-29,delayed,Chennai,Delhi,497.36,False
SH00200,DHL,2024-02-04,pending,Pune,Chennai,340.65,False
SH00201,FEDEX,2024-06-18,delivered,Delhi,Bangalore,344.09,False
SH00202,BLUEDART,2024-01-06,delayed,Chennai,Bangalore,353.07,False
SH00203,DHL,2024-02-18,pending,Delhi,Chennai,394.47,False
SH00204,DHL,2024-06-01,delayed,Chennai,Bangalore,352.41,False
SH00205,FEDEX,2024-01-15,in_transit,Chennai,Bangalore,155.37,False
SH00206,BLUEDART,2024-02-06,delayed,Pune,Bangalore,149.47,False
SH00207,BLUEDART,2024-01-13,pending,Chennai,Pune,352.1,False
SH00208,DHL,2024-05-17,,Pune,Chennai,151.41,False
SH00209,DHL,2024-05-22,in_transit,Hyderabad,Chennai,159.29,False
SH00210,FEDEX,2024-04-06,delayed,Mumbai,Bangalore,67.8,False
SH00211,BLUEDART,2024-03-26,delivered,Hyderabad,Bangalore,145.31,False
SH00212,FEDEX,2024-03-02,,Chennai,Bangalore,177.38,False
SH00213,FEDEX,2024-04-30,in_transit,Hyderabad,Chennai,461.45,False
SH00214,DHL,2024-05-29,in_transit,Chennai,Delhi,182.84,False
SH00215,DHL,2024-05-05,pending,Delhi,Chennai,382.82,False
SH00216,DHL,2024-05-18,delivered,Hyderabad,Chennai,285.77,False
SH00217,DHL,2024-06-10,pending,Mumbai,Pune,117.96,False
SH00219,FEDEX,2024-02-15,delivered,Mumbai,Pune,285.97,False
SH00220,FEDEX,2024-04-13,in_transit,Pune,Chennai,495.6,False
SH00221,BLUEDART,2024-04-06,delivered,Mumbai,Delhi,336.54,False
SH00222,BLUEDART,2024-01-11,,Pune,Delhi,361.53,False
SH00224,DHL,2024-05-25,in_transit,Pune,Bangalore,354.67,False
SH00225,BLUEDART,2024-04-21,delivered,Mumbai,Chennai,203.27,False
SH00226,FEDEX,2024-04-25,in_transit,Mumbai,Chennai,298.87,False
SH00227,FEDEX,2024-01-19,delivered,Mumbai,Chennai,221.0,False
SH00229,BLUEDART,2024-01-23,delivered,Hyderabad,Chennai,318.62,False
SH00231,FEDEX,2024-01-20,in_transit,Pune,Chennai,374.4,False
SH00232,DHL,2024-03-26,in_transit,Pune,Delhi,411.83,False
SH00233,BLUEDART,2024-06-03,in_transit,Hyderabad,Bangalore,265.55,False
SH00234,BLUEDART,2024-03-12,in_transit,Delhi,Mumbai,214.26,False
SH00235,DHL,2024-04-28,in_transit,Hyderabad,Delhi,247.3,False
SH00236,FEDEX,2024-03-02,delivered,Delhi,Mumbai,371.86,False
SH00237,FEDEX,2024-06-26,delivered,Hyderabad,Chennai,405.82,False
SH00238,BLUEDART,2024-06-17,delivered,Mumbai,Delhi,341.15,False
SH00239,FEDEX,2024-01-26,delayed,Pune,Chennai,386.08,False
SH00240,FEDEX,2024-05-30,delivered,Delhi,Pune,205.24,False
SH00241,DHL,2024-03-28,in_transit,Mumbai,Bangalore,284.5,False
SH00243,DHL,2024-03-25,delayed,Hyderabad,Bangalore,154.33,False
SH00244,FEDEX,2024-02-20,in_transit,Delhi,Bangalore,224.98,False
SH00245,DHL,2024-05-17,in_transit,Hyderabad,Delhi,138.68,False
SH00246,BLUEDART,2024-05-30,in_transit,Pune,Chennai,430.48,False
SH00247,FEDEX,2024-02-04,in_transit,Hyderabad,Pune,187.42,False
SH00248,FEDEX,2024-04-18,pending,Hyderabad,Bangalore,291.82,False
SH00249,DHL,2024-03-21,delayed,Delhi,Chennai,2409.6,False
SH00250,BLUEDART,2024-05-05,,Hyderabad,Chennai,249.73,False
SH00251,DHL,2024-05-17,,Pune,Delhi,255.79,False
SH00252,DHL,2024-05-19,in_transit,Hyderabad,Delhi,293.92,False
SH00253,DHL,2024-06-16,in_transit,Delhi,Bangalore,443.66,False
SH00254,DHL,2024-03-01,pending,Delhi,Bangalore,314.57,False
SH00255,DHL,2024-02-22,delayed,Hyderabad,Bangalore,207.87,False
SH00256,BLUEDART,2024-05-11,pending,Pune,Mumbai,416.83,False
SH00257,DHL,2024-02-03,pending,Pune,Bangalore,194.94,False
SH00258,DHL,2024-04-06,pending,Hyderabad,Mumbai,407.57,False
SH00259,BLUEDART,2024-03-24,,Pune,Chennai,398.36,False
SH00260,BLUEDART,2024-04-11,in_transit,Pune,Delhi,421.18,False
SH00261,BLUEDART,2024-05-04,pending,Hyderabad,Bangalore,393.01,False
SH00262,DHL,2024-01-01,in_transit,Mumbai,Bangalore,141.04,False
SH00263,DHL,2024-03-05,pending,Pune,Delhi,456.71,False
SH00265,DHL,2024-04-18,delayed,Pune,Delhi,81.87,False
SH00266,FEDEX,2024-02-04,pending,Pune,Mumbai,3950.06,True
SH00267,BLUEDART,2024-06-06,,Chennai,Bangalore,147.76,False
SH00268,BLUEDART,2024-03-21,in_transit,Delhi,Chennai,174.64,False
SH00269,BLUEDART,2024-06-17,in_transit,Pune,Delhi,282.99,False
SH00270,DHL,2024-03-02,delayed,Chennai,Pune,81.96,False
SH00271,FEDEX,2024-05-25,delayed,Chennai,Pune,357.32,False
SH00273,FEDEX,2024-05-17,delivered,Delhi,Pune,174.86,False
SH00274,DHL,2024-06-11,pending,Hyderabad,Mumbai,356.48,False
SH00275,DHL,2024-04-21,delayed,Mumbai,Bangalore,323.97,False
SH00276,DHL,2024-02-11,in_transit,Mumbai,Bangalore,285.35,False
SH00277,DHL,2024-01-08,in_transit,Pune,Delhi,172.39,False
SH00278,DHL,2024-01-15,delayed,Delhi,Pune,125.1,False
SH00279,BLUEDART,2024-01-01,,Mumbai,Bangalore,55.53,False
SH00280,DHL,2024-03-04,pending,Mumbai,Pune,193.97,False
SH00281,BLUEDART,2024-05-12,in_transit,Mumbai,Bangalore,81.02,False
SH00284,DHL,2024-05-15,in_transit,Delhi,Chennai,271.41,False
SH00285,DHL,2024-05-13,in_transit,Mumbai,Bangalore,256.31,False
SH00286,BLUEDART,2024-01-16,delivered,Delhi,Bangalore,156.55,False
SH00287,BLUEDART,2024-02-29,in_transit,Pune,Mumbai,111.25,False
SH00288,FEDEX,2024-05-17,,Delhi,Chennai,143.44,False
SH00289,DHL,2024-03-24,pending,Pune,Delhi,161.7,False
SH00290,FEDEX,2024-04-25,delayed,Chennai,Delhi,162.43,False
SH00291,DHL,2024-04-12,pending,Mumbai,Bangalore,471.91,False
SH00292,DHL,2024-06-14,delivered,Mumbai,Delhi,91.39,False
SH00293,FEDEX,2024-04-20,in_transit,Mumbai,Bangalore,273.26,False
SH00294,DHL,2024-02-08,delayed,Pune,Mumbai,327.64,False
SH00295,FEDEX,2024-02-05,pending,Mumbai,Delhi,448.09,False
SH00296,DHL,2024-05-04,delayed,Delhi,Chennai,276.08,False
SH00297,DHL,2024-04-30,,Mumbai,Chennai,312.8,False
SH00298,DHL,2024-02-26,,Pune,Delhi,224.79,False
SH00299,DHL,2024-06-27,delayed,Hyderabad,Mumbai,62.69,False
SH00300,BLUEDART,2024-02-14,delivered,Chennai,Pune,75.28,False
SH00301,FEDEX,2024-03-28,,Hyderabad,Bangalore,429.93,False
SH00302,DHL,2024-04-05,pending,Mumbai,Chennai,228.02,False
SH00303,DHL,2024-02-14,delayed,Delhi,Pune,362.1,False
SH00304,BLUEDART,2024-06-25,delivered,Chennai,Pune,377.97,False
SH00305,BLUEDART,2024-06-05,delayed,Mumbai,Bangalore,96.85,False
SH00306,FEDEX,2024-01-23,pending,Pune,Bangalore,337.6,False
SH00307,DHL,2024-01-28,delivered,Mumbai,Chennai,223.67,False
SH00308,FEDEX,2024-01-26,,Delhi,Chennai,438.82,False
SH00309,DHL,2024-03-07,delivered,Mumbai,Chennai,203.81,False
SH00310,DHL,2024-04-20,delivered,Pune,Chennai,323.29,False
SH00311,DHL,2024-03-17,delivered,Delhi,Chennai,226.81,False
SH00312,DHL,2024-06-18,delayed,Delhi,Bangalore,139.85,False
SH00313,DHL,2024-04-11,pending,Delhi,Bangalore,169.25,False
SH00314,FEDEX,2024-03-08,in_transit,Pune,Bangalore,151.81,False
SH00315,BLUEDART,2024-05-18,,Mumbai,Delhi,315.38,False
SH00316,FEDEX,2024-03-01,delivered,Hyderabad,Chennai,227.66,False
SH00317,BLUEDART,2024-04-24,delivered,Hyderabad,Pune,487.47,False
SH00318,BLUEDART,2024-06-09,delayed,Delhi,Mumbai,166.05,False
SH00319,FEDEX,2024-03-11,,Hyderabad,Chennai,55.56,False
SH00320,DHL,2024-05-30,delivered,Delhi,Mumbai,466.22,False
SH00321,BLUEDART,2024-06-16,delayed,Pune,Chennai,262.87,False
SH00322,BLUEDART,2024-03-25,delivered,Delhi,Bangalore,385.59,False
SH00323,FEDEX,2024-06-27,,Pune,Mumbai,152.58,False
SH00324,FEDEX,2024-01-23,in_transit,Pune,Chennai,461.04,False
SH00325,FEDEX,2024-05-09,,Mumbai,Bangalore,433.08,False
SH00326,DHL,2024-01-13,pending,Mumbai,Bangalore,139.6,False
SH00327,DHL,2024-06-01,,Mumbai,Bangalore,263.56,False
SH00328,FEDEX,2024-01-13,delayed,Mumbai,Chennai,400.92,False
SH00330,FEDEX,2024-03-30,in_transit,Pune,Chennai,260.01,False
SH00331,DHL,2024-06-01,in_transit,Mumbai,Chennai,357.99,False
SH00332,FEDEX,2024-06-15,delivered,Pune,Mumbai,282.78,False
SH00333,BLUEDART,2024-01-07,in_transit,Delhi,Chennai,166.74,False
SH00334,BLUEDART,2024-02-26,pending,Hyderabad,Bangalore,403.2,False
SH00335,DHL,2024-04-30,in_transit,Hyderabad,Bangalore,376.33,False
SH00336,FEDEX,2024-03-19,in_transit,Mumbai,Bangalore,217.26,False
SH00337,DHL,2024-01-19,in_transit,Hyderabad,Pune,275.21,False
SH00338,DHL,2024-03-28,delayed,Chennai,Bangalore,451.78,False
SH00339,DHL,2024-02-15,delivered,Mumbai,Pune,52.12,False
SH00340,DHL,2024-04-21,in_transit,Delhi,Bangalore,3601.35,True
SH00342,BLUEDART,2024-01-12,in_transit,Hyderabad,Mumbai,255.17,False
SH00343,BLUEDART,2024-05-05,in_transit,Chennai,Mumbai,124.2,False
SH00345,FEDEX,2024-01-13,pending,Hyderabad,Pune,426.25,False
SH00346,DHL,2024-02-09,pending,Hyderabad,Mumbai,333.64,False
SH00347,FEDEX,2024-04-17,delivered,Hyderabad,Pune,280.21,False
SH00348,FEDEX,2024-05-13,in_transit,Chennai,Bangalore,366.55,False
SH00349,DHL,2024-01-04,delivered,Delhi,Chennai,425.85,False
SH00350,BLUEDART,2024-06-13,in_transit,Mumbai,Delhi,168.86,False
SH00351,FEDEX,2024-01-30,,Pune,Mumbai,-43.22,False
SH00352,FEDEX,2024-01-24,in_transit,Hyderabad,Mumbai,132.29,False
SH00353,FEDEX,2024-02-12,pending,Delhi,Pune,376.89,False
SH00354,BLUEDART,2024-04-07,delayed,Delhi,Pune,62.97,False
SH00355,DHL,2024-04-15,delivered,Delhi,Pune,167.73,False
SH00356,BLUEDART,2024-06-20,delayed,Hyderabad,Pune,285.4,False
SH00357,DHL,2024-06-13,,Delhi,Chennai,421.9,False
SH00359,BLUEDART,2024-01-21,,Delhi,Pune,307.87,False
SH00360,FEDEX,2024-01-10,delivered,Mumbai,Delhi,421.66,False
SH00361,BLUEDART,2024-04-26,in_transit,Hyderabad,Bangalore,421.39,False
SH00362,BLUEDART,2024-04-03,delivered,Hyderabad,Chennai,3065.42,True
SH00363,FEDEX,2024-01-28,delivered,Hyderabad,Pune,271.59,False
SH00364,FEDEX,2024-04-10,,Hyderabad,Bangalore,401.64,False
SH00365,BLUEDART,2024-04-25,delayed,Hyderabad,Delhi,480.29,False
SH00366,DHL,2024-05-03,,Hyderabad,Chennai,464.52,False
SH00367,DHL,2024-06-04,delayed,Mumbai,Pune,446.63,False
SH00368,DHL,2024-03-16,delivered,Pune,Chennai,112.18,False
SH00369,BLUEDART,2024-05-21,in_transit,Hyderabad,Mumbai,144.37,False
SH00370,DHL,2024-03-31,delayed,Chennai,Mumbai,306.79,False
SH00371,BLUEDART,2024-05-13,in_transit,Pune,Chennai,115.4,False
SH00372,DHL,2024-01-16,in_transit,Pune,Mumbai,141.8,False
SH00373,BLUEDART,2024-05-23,delayed,Hyderabad,Bangalore,402.94,False
SH00374,FEDEX,2024-06-24,delayed,Delhi,Pune,74.21,False
SH00375,FEDEX,2024-05-19,in_transit,Chennai,Mumbai,399.27,False
SH00376,BLUEDART,2024-05-11,delivered,Mumbai,Bangalore,242.83,False
SH00377,FEDEX,2024-02-09,in_transit,Mumbai,Chennai,318.6,False
SH00378,FEDEX,2024-03-22,delivered,Delhi,Chennai,284.27,False
SH00379,FEDEX,2024-02-24,in_transit,Mumbai,Chennai,212.36,False
SH00380,BLUEDART,2024-04-24,pending,Mumbai,Delhi,326.17,False
SH00381,FEDEX,2024-05-18,delivered,Delhi,Bangalore,460.1,False
SH00382,FEDEX,2024-06-15,delayed,Delhi,Bangalore,87.06,False
SH00383,BLUEDART,2024-06-10,,Mumbai,Delhi,358.43,False
SH00385,BLUEDART,2024-04-14,pending,Mumbai,Bangalore,232.0,False
SH00386,DHL,2024-05-29,,Hyderabad,Delhi,82.67,False
SH00387,FEDEX,2024-04-22,,Hyderabad,Delhi,347.33,False
SH00388,FEDEX,2024-02-06,,Hyderabad,Mumbai,440.21,False
SH00390,FEDEX,2024-05-11,delivered,Chennai,Pune,149.35,False
SH00391,BLUEDART,2024-01-19,delivered,Mumbai,Pune,162.81,False
SH00392,FEDEX,2024-06-07,in_transit,Chennai,Bangalore,193.0,False
SH00393,BLUEDART,2024-04-19,in_transit,Chennai,Mumbai,160.78,False
SH00394,FEDEX,2024-04-28,,Chennai,Mumbai,187.46,False
SH00395,FEDEX,2024-06-09,delivered,Chennai,Bangalore,451.45,False
SH00396,BLUEDART,2024-05-21,delayed,Delhi,Mumbai,262.45,False
SH00397,BLUEDART,2024-05-10,in_transit,Pune,Bangalore,275.98,False
SH00398,BLUEDART,2024-02-15,delayed,Chennai,Bangalore,346.74,False
SH00399,FEDEX,2024-02-29,in_transit,Mumbai,Bangalore,155.31,False
SH00400,FEDEX,2024-01-11,in_transit,Delhi,Pune,96.45,False
SH00401,BLUEDART,2024-04-06,pending,Pune,Bangalore,454.2,False
SH00402,DHL,2024-03-29,delayed,Hyderabad,Chennai,-6.78,False
SH00403,BLUEDART,2024-02-10,pending,Pune,Bangalore,417.63,False
SH00404,DHL,2024-05-31,,Delhi,Pune,234.9,False
SH00405,DHL,2024-02-07,in_transit,Hyderabad,Delhi,465.1,False
SH00406,BLUEDART,2024-02-25,delayed,Mumbai,Chennai,440.29,False
SH00407,BLUEDART,2024-06-24,delayed,Chennai,Mumbai,318.44,False
SH00408,DHL,2024-06-04,delayed,Chennai,Pune,455.72,False
SH00409,DHL,2024-06-03,delivered,Mumbai,Pune,453.64,False
SH00410,FEDEX,2024-05-03,in_transit,Mumbai,Pune,207.73,False
SH00411,BLUEDART,2024-05-02,,Mumbai,Pune,87.72,False
SH00412,DHL,2024-04-06,pending,Mumbai,Delhi,411.93,False
SH00413,BLUEDART,2024-04-18,delayed,Pune,Mumbai,174.0,False
SH00414,BLUEDART,2024-05-22,in_transit,Delhi,Mumbai,309.94,False
SH00415,BLUEDART,2024-06-28,delivered,Mumbai,Bangalore,146.51,False
SH00417,FEDEX,2024-01-10,in_transit,Chennai,Mumbai,326.28,False
SH00419,DHL,2024-04-02,delivered,Hyderabad,Bangalore,489.04,False
SH00421,BLUEDART,2024-03-11,in_transit,Pune,Mumbai,2525.1,True
SH00422,BLUEDART,2024-01-30,in_transit,Mumbai,Chennai,444.25,False
SH00423,FEDEX,2024-03-27,delayed,Hyderabad,Chennai,356.72,False
SH00424,FEDEX,2024-02-26,in_transit,Mumbai,Pune,410.07,False
SH00425,BLUEDART,2024-04-12,,Pune,Bangalore,203.9,False
SH00426,DHL,2024-06-23,in_transit,Hyderabad,Mumbai,274.55,False
SH00427,DHL,2024-06-07,,Chennai,Bangalore,98.01,False
SH00428,BLUEDART,2024-04-05,delayed,Mumbai,Delhi,454.15,False
SH00429,DHL,2024-05-27,delayed,Hyderabad,Mumbai,409.67,False
SH00430,FEDEX,2024-06-27,in_transit,Chennai,Pune,360.14,False
SH00431,FEDEX,2024-03-08,delayed,Pune,Mumbai,481.34,False
SH00432,FEDEX,2024-03-12,delayed,Pune,Mumbai,109.01,False
SH00433,FEDEX,2024-02-20,pending,Chennai,Pune,117.3,False
SH00434,BLUEDART,2024-05-04,delayed,Hyderabad,Pune,436.33,False
SH00435,DHL,2024-01-25,in_transit,Pune,Chennai,166.9,False
SH00436,FEDEX,2024-06-22,in_transit,Mumbai,Pune,309.58,False
SH00437,FEDEX,2024-05-04,delayed,Pune,Mumbai,450.33,False
SH00438,DHL,2024-06-05,,Chennai,Mumbai,458.18,False
SH00439,BLUEDART,2024-04-11,delayed,Pune,Mumbai,401.44,False
SH00440,FEDEX,2024-01-06,in_transit,Delhi,Mumbai,347.91,False
SH00441,DHL,2024-05-01,delivered,Delhi,Bangalore,396.92,False
SH00442,BLUEDART,2024-04-09,in_transit,Chennai,Delhi,381.92,False
SH00443,DHL,2024-03-24,delayed,Mumbai,Delhi,488.74,False
SH00444,BLUEDART,2024-04-26,pending,Hyderabad,Bangalore,444.78,False
SH00445,FEDEX,2024-04-23,in_transit,Delhi,Mumbai,4446.14,True
SH00446,FEDEX,2024-06-25,,Pune,Chennai,-28.91,False
SH00447,DHL,2024-05-23,in_transit,Hyderabad,Mumbai,123.47,False
SH00448,FEDEX,2024-05-12,delayed,Mumbai,Pune,413.41,False
SH00449,FEDEX,2024-02-16,delivered,Delhi,Mumbai,336.6,False
SH00452,DHL,2024-04-10,delayed,Chennai,Delhi,131.72,False
SH00453,DHL,2024-04-23,delivered,Mumbai,Bangalore,139.63,False
SH00454,DHL,2024-03-20,delivered,Delhi,Pune,333.12,False
SH00455,FEDEX,2024-01-14,in_transit,Delhi,Chennai,487.97,False
SH00457,DHL,2024-06-24,,Chennai,Bangalore,331.31,False
SH00458,DHL,2024-05-22,,Chennai,Pune,206.29,False
SH00459,FEDEX,2024-01-11,delayed,Pune,Bangalore,301.56,False
SH00460,BLUEDART,2024-03-11,delayed,Pune,Mumbai,461.51,False
SH00461,FEDEX,2024-06-12,pending,Pune,Mumbai,133.49,False
SH00462,DHL,2024-05-17,in_transit,Pune,Delhi,285.83,False
SH00463,FEDEX,2024-05-13,delivered,Delhi,Chennai,425.84,False
SH00464,FEDEX,2024-06-13,pending,Chennai,Delhi,270.46,False
SH00466,FEDEX,2024-03-09,pending,Pune,Delhi,81.67,False
SH00467,DHL,2024-02-18,pending,Mumbai,Bangalore,161.94,False
SH00468,FEDEX,2024-06-28,delivered,Mumbai,Chennai,125.06,False
SH00469,DHL,2024-03-31,delayed,Hyderabad,Pune,496.16,False
SH00470,FEDEX,2024-02-24,delayed,Pune,Bangalore,466.77,False
SH00472,FEDEX,2024-05-10,delayed,Mumbai,Chennai,119.62,False
SH00473,FEDEX,2024-03-17,in_transit,Hyderabad,Bangalore,306.08,False
SH00474,FEDEX,2024-06-25,,Chennai,Pune,458.45,False
SH00475,BLUEDART,2024-03-26,,Delhi,Bangalore,245.44,False
SH00476,BLUEDART,2024-06-10,in_transit,Hyderabad,Delhi,285.97,False
SH00477,BLUEDART,2024-04-10,,Chennai,Bangalore,317.81,False
SH00478,FEDEX,2024-05-01,delivered,Chennai,Bangalore,296.67,False
SH00479,BLUEDART,2024-02-20,pending,Chennai,Bangalore,307.1,False
SH00480,DHL,2024-03-23,delayed,Mumbai,Chennai,90.32,False
SH00481,FEDEX,2024-02-13,delayed,Pune,Delhi,419.71,False
SH00482,DHL,2024-01-22,delivered,Chennai,Mumbai,159.37,False
SH00483,FEDEX,2024-01-29,delayed,Mumbai,Chennai,60.24,False
SH00484,BLUEDART,2024-02-06,pending,Pune,Chennai,58.27,False
SH00485,DHL,2024-06-27,delivered,Mumbai,Chennai,259.23,False
SH00487,BLUEDART,2024-05-08,delayed,Hyderabad,Delhi,466.86,False
SH00488,FEDEX,2024-01-05,in_transit,Delhi,Pune,209.92,False
SH00489,FEDEX,2024-01-08,in_transit,Mumbai,Chennai,151.51,False
SH00490,BLUEDART,2024-05-26,in_transit,Delhi,Mumbai,459.38,False
SH00491,DHL,2024-02-21,in_transit,Hyderabad,Pune,359.84,False
SH00492,DHL,2024-05-22,pending,Hyderabad,Bangalore,103.27,False
SH00493,FEDEX,2024-06-12,in_transit,Delhi,Pune,118.38,False
SH00494,BLUEDART,2024-06-05,in_transit,Hyderabad,Mumbai,153.91,False
SH00495,DHL,2024-06-15,,Hyderabad,Pune,224.36,False
SH00496,FEDEX,2024-02-26,in_transit,Mumbai,Chennai,391.0,False
SH00497,BLUEDART,2024-03-04,,Delhi,Chennai,68.82,False
SH00498,BLUEDART,2024-06-13,,Hyderabad,Pune,67.33,False
SH00499,DHL,2024-01-11,delayed,Hyderabad,Pune,394.32,False
SH00500,FEDEX,2024-03-16,delivered,Pune,Chennai,360.48,False
SH00501,DHL,2024-05-29,pending,Hyderabad,Delhi,295.88,False
SH00502,FEDEX,2024-01-24,pending,Hyderabad,Bangalore,341.86,False
SH00503,DHL,2024-01-22,in_transit,Mumbai,Pune,377.09,False
SH00504,BLUEDART,2024-03-26,pending,Delhi,Bangalore,438.2,False
SH00505,DHL,2024-04-24,delivered,Delhi,Chennai,102.9,False
SH00506,FEDEX,2024-05-07,delivered,Mumbai,Pune,323.59,False
SH00508,DHL,2024-01-10,delivered,Chennai,Delhi,350.15,False
SH00509,DHL,2024-02-11,delayed,Mumbai,Pune,347.42,False
SH00510,FEDEX,2024-01-24,in_transit,Hyderabad,Mumbai,215.86,False
SH00511,BLUEDART,2024-02-01,in_transit,Mumbai,Chennai,198.14,False
SH00512,DHL,2024-06-25,,Mumbai,Delhi,493.83,False
SH00513,BLUEDART,2024-02-03,delayed,Hyderabad,Pune,283.87,False
SH00514,BLUEDART,2024-01-01,delayed,Chennai,Mumbai,331.46,False
SH00515,FEDEX,2024-05-23,in_transit,Delhi,Bangalore,55.08,False
SH00516,FEDEX,2024-01-30,in_transit,Pune,Mumbai,228.22,False
SH00517,DHL,2024-05-02,,Pune,Mumbai,66.0,False
SH00518,BLUEDART,2024-04-15,delivered,Pune,Chennai,425.8,False
SH00519,BLUEDART,2024-03-25,,Mumbai,Bangalore,209.12,False
SH00520,FEDEX,2024-04-09,delivered,Hyderabad,Bangalore,439.07,False
SH00521,DHL,2024-03-01,,Pune,Chennai,477.83,False
SH00522,DHL,2024-01-07,delayed,Chennai,Delhi,119.33,False
SH00523,FEDEX,2024-01-26,delayed,Pune,Bangalore,354.52,False
SH00525,BLUEDART,2024-03-20,in_transit,Pune,Delhi,194.4,False
SH00526,FEDEX,2024-03-11,delayed,Mumbai,Chennai,301.83,False
SH00527,FEDEX,2024-02-13,delayed,Chennai,Mumbai,451.51,False
SH00528,BLUEDART,2024-01-23,delivered,Mumbai,Delhi,367.1,False
SH00529,FEDEX,2024-02-20,pending,Hyderabad,Mumbai,414.18,False
SH00530,BLUEDART,2024-06-27,delayed,Chennai,Delhi,189.68,False
SH00531,DHL,2024-04-10,pending,Chennai,Mumbai,198.65,False
SH00532,DHL,2024-04-28,in_transit,Delhi,Bangalore,395.57,False
SH00533,BLUEDART,2024-01-19,delayed,Mumbai,Chennai,257.44,False
SH00534,DHL,2024-02-23,delayed,Delhi,Pune,244.02,False
SH00535,BLUEDART,2024-01-20,pending,Chennai,Bangalore,308.38,False
SH00536,BLUEDART,2024-04-13,delivered,Mumbai,Pune,358.48,False
SH00537,BLUEDART,2024-02-05,,Mumbai,Delhi,-42.81,False
SH00538,FEDEX,2024-02-22,in_transit,Hyderabad,Pune,184.88,False
SH00539,FEDEX,2024-06-05,in_transit,Pune,Delhi,431.44,False
SH00540,DHL,2024-03-13,in_transit,Mumbai,Chennai,244.27,False
SH00541,FEDEX,2024-06-18,delivered,Delhi,Pune,134.7,False
SH00542,DHL,2024-01-19,delivered,Pune,Bangalore,374.6,False
SH00543,DHL,2024-06-27,in_transit,Chennai,Pune,330.46,False
SH00545,BLUEDART,2024-01-10,pending,Hyderabad,Mumbai,215.86,False
SH00546,BLUEDART,2024-01-21,delayed,Hyderabad,Mumbai,89.8,False
SH00547,DHL,2024-01-14,delayed,Hyderabad,Pune,400.34,False
SH00548,BLUEDART,2024-03-16,delivered,Pune,Chennai,362.77,False
SH00549,FEDEX,2024-05-26,in_transit,Mumbai,Pune,414.0,False
SH00550,BLUEDART,2024-06-06,,Mumbai,Chennai,165.63,False
SH00551,BLUEDART,2024-02-14,pending,Chennai,Pune,156.29,False
SH00552,DHL,2024-04-15,in_transit,Chennai,Bangalore,347.3,False
SH00553,FEDEX,2024-01-30,delayed,Mumbai,Chennai,229.44,False
SH00554,BLUEDART,2024-04-09,delivered,Chennai,Pune,288.7,False
SH00555,FEDEX,2024-05-16,,Pune,Delhi,244.3,False
SH00556,FEDEX,2024-04-10,pending,Mumbai,Chennai,387.09,False
SH00558,DHL,2024-01-07,delivered,Pune,Mumbai,472.33,False
SH00559,BLUEDART,2024-06-03,pending,Mumbai,Delhi,393.74,False
SH00560,DHL,2024-06-18,pending,Chennai,Mumbai,254.05,False
SH00561,BLUEDART,2024-01-19,delivered,Pune,Mumbai,222.26,False
SH00562,FEDEX,2024-02-21,delivered,Chennai,Pune,340.47,False
SH00563,BLUEDART,2024-01-27,delivered,Mumbai,Pune,307.11,False
SH00564,DHL,2024-03-09,in_transit,Mumbai,Delhi,457.08,False
SH00565,FEDEX,2024-01-18,delivered,Delhi,Pune,222.99,False
SH00566,BLUEDART,2024-04-12,pending,Pune,Mumbai,90.8,False
SH00567,FEDEX,2024-01-11,pending,Pune,Bangalore,135.95,False
SH00568,FEDEX,2024-04-22,delivered,Delhi,Bangalore,66.06,False
SH00569,FEDEX,2024-04-25,delivered,Mumbai,Chennai,66.67,False
SH00570,DHL,2024-05-17,delayed,Chennai,Pune,154.84,False
SH00571,DHL,2024-06-15,delivered,Delhi,Bangalore,334.7,False
SH00572,BLUEDART,2024-01-28,delayed,Chennai,Delhi,409.63,False
SH00573,BLUEDART,2024-06-24,delivered,Delhi,Chennai,194.72,False
SH00574,DHL,2024-02-06,delivered,Pune,Delhi,363.33,False
SH00575,DHL,2024-06-10,,Chennai,Delhi,120.99,False
SH00577,DHL,2024-05-07,delivered,Hyderabad,Delhi,332.24,False
SH00242,DHL,2024-05-18,delayed,Mumbai,Delhi,396.65,False
SH00579,DHL,2024-06-20,delivered,Delhi,Pune,340.19,False
SH00580,FEDEX,2024-05-17,,Mumbai,Delhi,63.08,False
SH00581,FEDEX,2024-02-20,in_transit,Hyderabad,Pune,153.53,False
SH00582,FEDEX,2024-01-19,delayed,Chennai,Pune,74.45,False
SH00583,DHL,2024-02-19,in_transit,Delhi,Chennai,140.99,False
SH00584,DHL,2024-02-13,in_transit,Mumbai,Pune,448.88,False
SH00585,BLUEDART,2024-05-13,in_transit,Chennai,Bangalore,316.21,False
SH00586,BLUEDART,2024-05-28,delayed,Chennai,Bangalore,475.81,False
SH00587,DHL,2024-05-09,delayed,Mumbai,Pune,227.44,False
SH00588,FEDEX,2024-01-04,in_transit,Chennai,Delhi,477.47,False
SH00589,DHL,2024-02-11,,Mumbai,Pune,306.67,False
SH00590,DHL,2024-04-04,pending,Delhi,Mumbai,335.03,False
SH00591,FEDEX,2024-03-10,delayed,Hyderabad,Delhi,294.1,False
SH00592,FEDEX,2024-01-29,delayed,Mumbai,Chennai,328.61,False
SH00593,DHL,2024-03-26,delivered,Hyderabad,Bangalore,342.07,False
SH00594,BLUEDART,2024-03-09,in_transit,Chennai,Bangalore,174.72,False
SH00595,BLUEDART,2024-06-22,in_transit,Mumbai,Pune,253.39,False
SH00596,DHL,2024-04-10,in_transit,Chennai,Pune,481.22,False
SH00597,DHL,2024-05-13,delivered,Delhi,Mumbai,181.93,False
SH00598,FEDEX,2024-01-06,delivered,Delhi,Pune,59.92,False
SH00599,FEDEX,2024-03-24,pending,Delhi,Chennai,363.59,False
SH00600,DHL,2024-02-28,in_transit,Pune,Bangalore,396.39,False
SH00601,DHL,2024-03-14,delivered,Hyderabad,Bangalore,427.7,False
SH00602,DHL,2024-05-27,in_transit,Mumbai,Delhi,216.35,False
SH00603,FEDEX,2024-02-11,delivered,Chennai,Mumbai,464.2,False
SH00605,BLUEDART,2024-01-29,delivered,Chennai,Pune,112.74,False
SH00606,DHL,2024-01-15,in_transit,Delhi,Chennai,312.54,False
SH00607,DHL,2024-01-23,in_transit,Mumbai,Pune,137.5,False
SH00608,BLUEDART,2024-04-19,in_transit,Pune,Chennai,55.49,False
SH00609,BLUEDART,2024-04-23,in_transit,Mumbai,Bangalore,411.66,False
SH00610,FEDEX,2024-06-02,in_transit,Delhi,Mumbai,186.45,False
SH00612,DHL,2024-05-05,,Chennai,Pune,185.9,False
SH00613,DHL,2024-03-17,,Mumbai,Delhi,336.45,False
SH00614,DHL,2024-03-11,delivered,Delhi,Mumbai,319.5,False
SH00616,DHL,2024-04-02,in_transit,Pune,Bangalore,71.92,False
SH00617,DHL,2024-02-12,,Chennai,Delhi,192.29,False
SH00618,BLUEDART,2024-03-31,delivered,Pune,Delhi,111.63,False
SH00619,DHL,2024-02-26,,Mumbai,Bangalore,453.68,False
SH00620,BLUEDART,2024-01-20,delivered,Hyderabad,Delhi,465.53,False
SH00621,FEDEX,2024-03-28,in_transit,Hyderabad,Pune,62.94,False
SH00622,DHL,2024-02-03,in_transit,Chennai,Mumbai,360.87,False
SH00623,FEDEX,2024-06-17,delivered,Mumbai,Bangalore,261.09,False
SH00624,DHL,2024-02-22,in_transit,Mumbai,Delhi,133.15,False
SH00625,FEDEX,2024-05-08,delayed,Hyderabad,Mumbai,158.82,False
SH00626,DHL,2024-03-13,,Hyderabad,Bangalore,291.71,False
SH00627,BLUEDART,2024-02-17,delivered,Delhi,Chennai,131.38,False
SH00628,DHL,2024-03-21,delivered,Delhi,Bangalore,283.88,False
SH00629,BLUEDART,2024-01-30,delayed,Mumbai,Delhi,320.18,False
SH00630,BLUEDART,2024-04-19,delivered,Delhi,Chennai,452.64,False
SH00631,DHL,2024-05-13,delivered,Delhi,Bangalore,103.65,False
SH00632,BLUEDART,2024-02-20,delayed,Chennai,Delhi,429.81,False
SH00633,FEDEX,2024-06-13,in_transit,Pune,Mumbai,264.12,False
SH00634,FEDEX,2024-03-05,in_transit,Chennai,Pune,332.77,False
SH00635,DHL,2024-04-07,in_transit,Delhi,Bangalore,118.73,False
SH00636,BLUEDART,2024-06-18,delayed,Delhi,Pune,167.75,False
SH00637,DHL,2024-03-21,delayed,Delhi,Bangalore,256.85,False
SH00638,FEDEX,2024-03-20,delayed,Chennai,Pune,393.81,False
SH00639,BLUEDART,2024-02-10,in_transit,Hyderabad,Chennai,168.53,False
SH00640,FEDEX,2024-01-12,in_transit,Pune,Delhi,206.99,False
SH00641,FEDEX,2024-04-01,delivered,Delhi,Bangalore,347.56,False
SH00644,DHL,2024-06-19,delayed,Chennai,Mumbai,184.78,False
SH00645,DHL,2024-01-13,delayed,Hyderabad,Bangalore,230.91,False
SH00646,BLUEDART,2024-05-25,delayed,Mumbai,Chennai,242.2,False
SH00647,BLUEDART,2024-03-21,in_transit,Pune,Chennai,163.07,False
SH00648,DHL,2024-02-24,,Hyderabad,Bangalore,383.99,False
SH00649,BLUEDART,2024-04-03,in_transit,Delhi,Bangalore,117.71,False
SH00650,FEDEX,2024-03-09,pending,Mumbai,Bangalore,122.26,False
SH00651,DHL,2024-03-20,delayed,Chennai,Delhi,496.08,False
SH00652,FEDEX,2024-03-12,delivered,Chennai,Delhi,339.93,False
SH00653,DHL,2024-01-17,in_transit,Mumbai,Chennai,453.55,False
SH00654,BLUEDART,2024-05-08,delayed,Chennai,Bangalore,348.9,False
SH00655,FEDEX,2024-03-21,delayed,Mumbai,Bangalore,381.76,False
SH00656,DHL,2024-03-11,in_transit,Chennai,Delhi,438.3,False
SH00657,DHL,2024-03-04,,Pune,Chennai,471.64,False
SH00658,DHL,2024-06-18,delivered,Hyderabad,Delhi,360.81,False
SH00659,FEDEX,2024-03-01,in_transit,Pune,Delhi,53.54,False
SH00660,FEDEX,2024-02-11,pending,Mumbai,Bangalore,192.73,False
SH00661,FEDEX,2024-04-15,in_transit,Mumbai,Pune,372.82,False
SH00662,BLUEDART,2024-06-03,delayed,Pune,Delhi,382.0,False
SH00664,BLUEDART,2024-03-22,,Chennai,Pune,380.83,False
SH00665,FEDEX,2024-02-16,in_transit,Chennai,Delhi,475.14,False
SH00666,BLUEDART,2024-04-28,pending,Hyderabad,Bangalore,433.32,False
SH00667,DHL,2024-05-25,pending,Mumbai,Chennai,286.63,False
SH00668,FEDEX,2024-02-18,,Mumbai,Bangalore,401.95,False
SH00669,DHL,2024-03-13,in_transit,Hyderabad,Bangalore,238.25,False
SH00670,FEDEX,2024-04-04,pending,Chennai,Pune,256.17,False
SH00671,BLUEDART,2024-04-18,in_transit,Delhi,Mumbai,82.88,False
SH00673,DHL,2024-05-08,in_transit,Hyderabad,Bangalore,445.05,False
SH00674,DHL,2024-02-02,,Pune,Delhi,176.45,False
SH00675,FEDEX,2024-04-21,in_transit,Hyderabad,Mumbai,381.59,False
SH00676,BLUEDART,2024-01-14,delivered,Delhi,Bangalore,261.61,False
SH00677,FEDEX,2024-05-23,delayed,Mumbai,Pune,100.62,False
SH00678,DHL,2024-05-10,delayed,Pune,Bangalore,450.9,False
SH00679,BLUEDART,2024-01-20,delayed,Hyderabad,Bangalore,354.61,False
SH00680,BLUEDART,2024-01-28,delivered,Mumbai,Pune,62.99,False
SH00681,BLUEDART,2024-01-12,delayed,Pune,Delhi,196.21,False
SH00682,BLUEDART,2024-06-13,,Chennai,Bangalore,74.99,False
SH00683,FEDEX,2024-04-12,,Pune,Bangalore,143.7,False
SH00684,BLUEDART,2024-04-20,in_transit,Chennai,Delhi,456.68,False
SH00685,FEDEX,2024-04-09,delayed,Hyderabad,Bangalore,320.15,False
SH00686,DHL,2024-05-11,delayed,Delhi,Pune,354.4,False
SH00687,BLUEDART,2024-04-21,,Hyderabad,Delhi,264.93,False
SH00688,DHL,2024-01-13,delivered,Hyderabad,Chennai,281.04,False
SH00689,BLUEDART,2024-05-29,delayed,Hyderabad,Mumbai,57.32,False
SH00690,FEDEX,2024-03-17,pending,Mumbai,Delhi,254.75,False
SH00691,DHL,2024-06-03,pending,Chennai,Bangalore,2350.03,False
SH00692,FEDEX,2024-06-03,in_transit,Delhi,Pune,328.32,False
SH00694,FEDEX,2024-06-09,delayed,Chennai,Bangalore,135.91,False
SH00695,DHL,2024-06-28,delayed,Mumbai,Bangalore,262.17,False
SH00696,BLUEDART,2024-01-27,pending,Delhi,Bangalore,244.3,False
SH00697,BLUEDART,2024-04-12,delayed,Hyderabad,Mumbai,376.08,False
SH00698,DHL,2024-03-21,in_transit,Mumbai,Delhi,451.79,False
SH00699,BLUEDART,2024-01-06,pending,Pune,Chennai,136.49,False
SH00700,BLUEDART,2024-03-16,in_transit,Pune,Chennai,481.91,False
SH00701,FEDEX,2024-01-23,delivered,Chennai,Bangalore,127.98,False
SH00702,FEDEX,2024-01-13,in_transit,Pune,Bangalore,446.41,False
SH00703,BLUEDART,2024-01-30,delivered,Mumbai,Delhi,302.89,False
SH00704,DHL,2024-06-25,delayed,Hyderabad,Mumbai,351.27,False
SH00705,FEDEX,2024-06-05,delivered,Mumbai,Delhi,420.62,False
SH00706,DHL,2024-04-23,delayed,Pune,Bangalore,379.65,False
SH00707,DHL,2024-04-16,delivered,Mumbai,Bangalore,160.39,False
SH00708,DHL,2024-04-16,pending,Pune,Mumbai,160.45,False
SH00709,DHL,2024-04-27,delayed,Delhi,Pune,407.57,False
SH00710,DHL,2024-03-21,,Hyderabad,Delhi,123.95,False
SH00711,BLUEDART,2024-06-18,in_transit,Chennai,Delhi,238.69,False
SH00713,BLUEDART,2024-06-27,,Hyderabad,Pune,401.7,False
SH00714,DHL,2024-02-02,delayed,Hyderabad,Mumbai,177.77,False
SH00715,BLUEDART,2024-05-18,in_transit,Chennai,Delhi,424.5,False
SH00716,BLUEDART,2024-05-09,delivered,Mumbai,Chennai,390.45,False
SH00717,DHL,2024-05-28,pending,Delhi,Chennai,349.48,False
SH00718,BLUEDART,2024-05-13,delivered,Hyderabad,Bangalore,197.53,False
SH00719,DHL,2024-01-21,in_transit,Chennai,Pune,449.83,False
SH00720,BLUEDART,2024-05-29,in_transit,Delhi,Pune,498.43,False
SH00721,FEDEX,2024-05-04,delivered,Chennai,Bangalore,485.61,False
SH00722,FEDEX,2024-05-23,delivered,Delhi,Bangalore,320.72,False
SH00723,DHL,2024-03-19,in_transit,Hyderabad,Bangalore,182.29,False
SH00724,FEDEX,2024-02-25,pending,Mumbai,Chennai,269.96,False
SH00725,FEDEX,2024-03-27,delayed,Delhi,Chennai,425.51,False
SH00726,BLUEDART,2024-02-08,in_transit,Delhi,Pune,90.19,False
SH00727,FEDEX,2024-04-23,pending,Pune,Delhi,89.84,False
SH00728,BLUEDART,2024-01-22,delayed,Pune,Delhi,293.83,False
SH00729,FEDEX,2024-05-16,delivered,Hyderabad,Delhi,173.73,False
SH00730,BLUEDART,2024-06-04,delayed,Delhi,Bangalore,70.24,False
SH00731,FEDEX,2024-01-24,delivered,Mumbai,Chennai,293.8,False
SH00732,DHL,2024-01-16,in_transit,Pune,Chennai,131.66,False
SH00733,DHL,2024-01-31,in_transit,Delhi,Chennai,388.46,False
SH00734,FEDEX,2024-04-28,delivered,Mumbai,Chennai,267.88,False
SH00735,FEDEX,2024-03-04,pending,Hyderabad,Pune,403.35,False
SH00736,BLUEDART,2024-02-06,delivered,Hyderabad,Bangalore,401.91,False
SH00737,FEDEX,2024-06-07,delivered,Mumbai,Delhi,50.24,False
SH00738,BLUEDART,2024-02-24,delayed,Delhi,Chennai,176.59,False
SH00739,DHL,2024-05-22,in_transit,Delhi,Bangalore,144.88,False
SH00740,FEDEX,2024-06-18,in_transit,Pune,Chennai,144.78,False
SH00742,DHL,2024-06-20,delivered,Mumbai,Delhi,208.85,False
SH00743,DHL,2024-02-19,in_transit,Mumbai,Delhi,384.42,False
SH00744,DHL,2024-02-26,delayed,Mumbai,Chennai,485.28,False
SH00745,BLUEDART,2024-06-12,,Chennai,Delhi,174.81,False
SH00746,BLUEDART,2024-01-17,pending,Hyderabad,Pune,79.27,False
SH00747,BLUEDART,2024-01-06,pending,Pune,Bangalore,354.98,False
SH00748,DHL,2024-03-23,in_transit,Delhi,Bangalore,173.32,False
SH00749,DHL,2024-04-17,in_transit,Chennai,Delhi,52.32,False
SH00750,DHL,2024-03-04,in_transit,Chennai,Pune,189.86,False
SH00751,DHL,2024-03-04,in_transit,Hyderabad,Mumbai,481.46,False
SH00752,DHL,2024-06-09,delivered,Mumbai,Pune,88.49,False
SH00753,BLUEDART,2024-04-23,delayed,Mumbai,Bangalore,331.78,False
SH00754,FEDEX,2024-04-15,delayed,Delhi,Pune,404.36,False
SH00755,FEDEX,2024-06-15,,Hyderabad,Pune,61.69,False
SH00756,DHL,2024-02-19,delivered,Hyderabad,Delhi,336.81,False
SH00757,FEDEX,2024-01-12,in_transit,Chennai,Bangalore,313.04,False
SH00758,BLUEDART,2024-03-20,in_transit,Hyderabad,Bangalore,-21.26,False
SH00759,BLUEDART,2024-02-20,pending,Hyderabad,Delhi,458.83,False
SH00760,BLUEDART,2024-05-24,delayed,Delhi,Chennai,184.83,False
SH00761,DHL,2024-06-12,in_transit,Delhi,Mumbai,259.94,False
SH00762,FEDEX,2024-01-02,delivered,Delhi,Mumbai,211.05,False
SH00763,BLUEDART,2024-01-08,in_transit,Hyderabad,Mumbai,128.37,False
SH00764,BLUEDART,2024-02-15,delivered,Chennai,Bangalore,59.45,False
SH00765,DHL,2024-03-02,in_transit,Pune,Bangalore,347.41,False
SH00766,FEDEX,2024-02-03,in_transit,Mumbai,Delhi,289.65,False
SH00767,BLUEDART,2024-05-30,delayed,Chennai,Delhi,182.38,False
SH00768,FEDEX,2024-01-21,,Chennai,Pune,348.58,False
SH00769,BLUEDART,2024-04-28,pending,Hyderabad,Mumbai,218.25,False
SH00770,FEDEX,2024-05-29,in_transit,Hyderabad,Chennai,148.79,False
SH00771,FEDEX,2024-04-05,delivered,Delhi,Pune,110.45,False
SH00772,BLUEDART,2024-03-27,delayed,Mumbai,Pune,244.63,False
SH00773,DHL,2024-06-14,delivered,Chennai,Pune,182.53,False
SH00774,FEDEX,2024-04-02,in_transit,Chennai,Delhi,200.19,False
SH00775,BLUEDART,2024-02-05,,Pune,Bangalore,372.28,False
SH00776,FEDEX,2024-05-28,delivered,Pune,Chennai,262.4,False
SH00777,FEDEX,2024-02-23,delayed,Chennai,Bangalore,314.15,False
SH00778,FEDEX,2024-04-19,pending,Mumbai,Chennai,237.96,False
SH00779,DHL,2024-01-03,pending,Hyderabad,Bangalore,425.43,False
SH00780,FEDEX,2024-01-06,delivered,Hyderabad,Mumbai,464.96,False
SH00781,BLUEDART,2024-04-10,in_transit,Hyderabad,Pune,476.91,False
SH00782,FEDEX,2024-03-18,delivered,Hyderabad,Chennai,353.7,False
SH00783,DHL,2024-04-08,in_transit,Chennai,Bangalore,181.0,False
SH00784,DHL,2024-04-15,delivered,Chennai,Mumbai,108.11,False
SH00785,DHL,2024-06-19,delayed,Chennai,Bangalore,308.79,False
SH00787,FEDEX,2024-01-24,delayed,Delhi,Pune,206.05,False
SH00788,DHL,2024-06-07,delayed,Delhi,Mumbai,223.1,False
SH00789,BLUEDART,2024-02-10,pending,Mumbai,Bangalore,291.98,False
SH00790,DHL,2024-05-21,in_transit,Delhi,Pune,84.44,False
SH00791,FEDEX,2024-01-12,delivered,Chennai,Mumbai,337.49,False
SH00792,FEDEX,2024-03-05,delivered,Chennai,Pune,197.2,False
SH00793,BLUEDART,2024-03-12,delivered,Chennai,Pune,427.32,False
SH00794,BLUEDART,2024-01-03,delivered,Delhi,Mumbai,248.3,False
SH00795,BLUEDART,2024-06-11,pending,Chennai,Pune,348.14,False
SH00796,FEDEX,2024-04-06,in_transit,Mumbai,Delhi,218.59,False
SH00797,DHL,2024-01-17,delivered,Pune,Bangalore,408.62,False
SH00798,FEDEX,2024-03-23,in_transit,Hyderabad,Delhi,331.1,False
SH00800,FEDEX,2024-02-25,,Hyderabad,Mumbai,319.49,False
SH00801,BLUEDART,2024-06-02,pending,Chennai,Mumbai,363.34,False
SH00802,FEDEX,2024-06-19,in_transit,Chennai,Mumbai,57.94,False
SH00803,BLUEDART,2024-06-06,delivered,Chennai,Delhi,188.98,False
SH00804,DHL,2024-02-21,in_transit,Chennai,Mumbai,338.92,False
SH00805,FEDEX,2024-06-13,delivered,Pune,Bangalore,284.39,False
SH00806,DHL,2024-02-22,pending,Chennai,Mumbai,494.77,False
SH00808,DHL,2024-05-20,in_transit,Chennai,Delhi,156.34,False
SH00809,BLUEDART,2024-06-04,in_transit,Chennai,Bangalore,309.39,False
SH00810,FEDEX,2024-02-12,in_transit,Mumbai,Chennai,277.38,False
SH00811,FEDEX,2024-01-22,in_transit,Mumbai,Pune,317.83,False
SH00812,FEDEX,2024-05-23,delivered,Pune,Chennai,199.96,False
SH00813,DHL,2024-04-16,pending,Mumbai,Chennai,217.92,False
SH00814,FEDEX,2024-05-24,,Mumbai,Delhi,246.33,False
SH00815,BLUEDART,2024-06-15,in_transit,Delhi,Chennai,381.05,False
SH00816,BLUEDART,2024-04-26,delivered,Mumbai,Bangalore,164.43,False
SH00817,DHL,2024-04-08,delayed,Mumbai,Delhi,488.37,False
SH00818,DHL,2024-05-08,pending,Delhi,Chennai,448.99,False
SH00819,BLUEDART,2024-03-29,in_transit,Mumbai,Delhi,386.93,False
SH00820,DHL,2024-06-27,in_transit,Delhi,Bangalore,344.53,False
SH00821,BLUEDART,2024-05-08,delayed,Chennai,Bangalore,305.19,False
SH00822,DHL,2024-06-08,pending,Pune,Chennai,124.76,False
SH00823,FEDEX,2024-06-21,delivered,Mumbai,Bangalore,3747.34,True
SH00824,DHL,2024-05-13,,Chennai,Delhi,169.63,False
SH00825,FEDEX,2024-03-02,pending,Pune,Mumbai,229.31,False
SH00826,DHL,2024-04-12,delivered,Mumbai,Pune,61.56,False
SH00827,DHL,2024-06-17,delayed,Pune,Chennai,235.91,False
SH00828,FEDEX,2024-03-24,in_transit,Mumbai,Chennai,323.04,False
SH00829,FEDEX,2024-03-16,pending,Delhi,Bangalore,114.42,False
SH00830,BLUEDART,2024-01-23,pending,Mumbai,Bangalore,498.34,False
SH00831,DHL,2024-02-13,pending,Delhi,Mumbai,364.96,False
SH00832,FEDEX,2024-03-06,pending,Delhi,Chennai,105.39,False
SH00833,DHL,2024-06-02,in_transit,Pune,Bangalore,219.65,False
SH00834,BLUEDART,2024-02-27,in_transit,Hyderabad,Chennai,89.46,False
SH00835,BLUEDART,2024-03-21,delayed,Mumbai,Chennai,381.61,False
SH00836,FEDEX,2024-06-22,delivered,Delhi,Chennai,283.89,False
SH00837,BLUEDART,2024-03-16,delayed,Delhi,Chennai,355.99,False
SH00838,BLUEDART,2024-06-25,,Mumbai,Chennai,367.94,False
SH00839,BLUEDART,2024-03-26,pending,Delhi,Bangalore,144.78,False
SH00840,DHL,2024-03-17,pending,Chennai,Pune,460.57,False
SH00841,FEDEX,2024-04-10,pending,Delhi,Chennai,177.37,False
SH00842,FEDEX,2024-05-28,delivered,Mumbai,Bangalore,432.41,False
SH00843,DHL,2024-02-07,,Delhi,Pune,4177.87,True
SH00844,BLUEDART,2024-04-19,delivered,Chennai,Pune,466.69,False
SH00845,DHL,2024-02-08,in_transit,Mumbai,Chennai,160.25,False
SH00846,BLUEDART,2024-06-20,,Chennai,Pune,258.65,False
SH00847,FEDEX,2024-01-22,pending,Pune,Delhi,350.96,False
SH00848,BLUEDART,2024-01-25,delivered,Delhi,Chennai,222.78,False
SH00849,DHL,2024-05-17,,Mumbai,Chennai,365.33,False
SH00850,BLUEDART,2024-05-29,,Delhi,Bangalore,405.53,False
SH00852,FEDEX,2024-05-09,delayed,Mumbai,Delhi,127.22,False
SH00853,DHL,2024-04-23,delayed,Hyderabad,Mumbai,362.8,False
SH00854,BLUEDART,2024-06-18,in_transit,Hyderabad,Bangalore,66.53,False
SH00855,DHL,2024-04-01,pending,Hyderabad,Pune,330.04,False
SH00856,DHL,2024-03-06,pending,Delhi,Pune,114.46,False
SH00857,BLUEDART,2024-06-14,delayed,Chennai,Mumbai,123.82,False
SH00858,FEDEX,2024-02-01,pending,Mumbai,Bangalore,296.77,False
SH00859,FEDEX,2024-02-27,delivered,Pune,Bangalore,219.72,False
SH00860,DHL,2024-05-05,in_transit,Chennai,Mumbai,365.2,False
SH00861,DHL,2024-04-09,,Chennai,Mumbai,383.58,False
SH00862,FEDEX,2024-06-24,delivered,Delhi,Mumbai,345.9,False
SH00863,BLUEDART,2024-04-17,delivered,Pune,Bangalore,247.53,False
SH00864,FEDEX,2024-01-23,in_transit,Hyderabad,Bangalore,396.76,False
SH00865,DHL,2024-01-22,delayed,Mumbai,Bangalore,468.32,False
SH00866,BLUEDART,2024-05-11,pending,Hyderabad,Bangalore,449.64,False
SH00867,BLUEDART,2024-03-29,pending,Mumbai,Pune,347.53,False
SH00868,BLUEDART,2024-02-13,,Hyderabad,Delhi,285.58,False
SH00869,BLUEDART,2024-04-07,delivered,Pune,Delhi,202.08,False
SH00870,DHL,2024-03-08,pending,Pune,Mumbai,334.03,False
SH00871,BLUEDART,2024-06-07,delivered,Hyderabad,Delhi,210.08,False
SH00872,DHL,2024-01-03,delayed,Pune,Bangalore,138.89,False
SH00873,FEDEX,2024-03-05,in_transit,Mumbai,Bangalore,218.44,False
SH00874,FEDEX,2024-04-22,in_transit,Mumbai,Pune,-6.7,False
SH00875,FEDEX,2024-03-25,delivered,Mumbai,Bangalore,349.79,False
SH00876,DHL,2024-06-23,in_transit,Delhi,Pune,387.99,False
SH00877,BLUEDART,2024-01-28,delivered,Delhi,Mumbai,119.99,False
SH00878,BLUEDART,2024-01-03,in_transit,Pune,Chennai,177.0,False
SH00879,BLUEDART,2024-01-30,pending,Hyderabad,Bangalore,161.31,False
SH00880,DHL,2024-05-31,delivered,Hyderabad,Pune,153.22,False
SH00881,DHL,2024-01-24,in_transit,Delhi,Bangalore,233.28,False
SH00882,FEDEX,2024-04-19,in_transit,Delhi,Pune,99.52,False
SH00883,DHL,2024-01-01,pending,Pune,Delhi,194.74,False
SH00884,FEDEX,2024-04-03,delivered,Chennai,Mumbai,93.6,False
SH00885,FEDEX,2024-05-30,in_transit,Pune,Mumbai,157.21,False
SH00886,DHL,2024-06-16,in_transit,Chennai,Delhi,367.1,False
SH00887,FEDEX,2024-02-21,delivered,Pune,Chennai,69.71,False
SH00888,BLUEDART,2024-01-31,delivered,Pune,Mumbai,267.27,False
SH00889,DHL,2024-02-03,delayed,Hyderabad,Mumbai,77.36,False
SH00890,FEDEX,2024-02-12,delayed,Hyderabad,Pune,222.87,False
SH00891,DHL,2024-05-31,,Mumbai,Bangalore,280.76,False
SH00892,DHL,2024-02-13,delayed,Pune,Mumbai,157.2,False
SH00893,DHL,2024-03-04,in_transit,Pune,Delhi,-32.97,False
SH00894,DHL,2024-04-14,in_transit,Hyderabad,Mumbai,196.09,False
SH00895,DHL,2024-01-05,,Pune,Bangalore,400.18,False
SH00896,FEDEX,2024-02-26,in_transit,Pune,Bangalore,311.75,False
SH00897,DHL,2024-05-02,delivered,Delhi,Chennai,256.73,False
SH00898,BLUEDART,2024-02-11,,Chennai,Mumbai,227.39,False
SH00899,DHL,2024-05-14,,Delhi,Pune,413.6,False
SH00900,DHL,2024-01-22,pending,Mumbai,Bangalore,4374.98,True
SH00901,FEDEX,2024-05-24,,Mumbai,Bangalore,123.41,False
SH00902,BLUEDART,2024-01-12,in_transit,Pune,Delhi,96.15,False
SH00230,DHL,2024-03-31,in_transit,Chennai,Pune,464.76,False
SH00904,DHL,2024-02-27,in_transit,Delhi,Mumbai,210.79,False
SH00905,DHL,2024-05-15,delivered,Mumbai,Bangalore,355.74,False
SH00906,FEDEX,2024-05-07,in_transit,Pune,Delhi,414.82,False
SH00908,BLUEDART,2024-02-02,in_transit,Pune,Bangalore,208.67,False
SH00909,BLUEDART,2024-06-16,in_transit,Pune,Bangalore,238.4,False
SH00910,DHL,2024-04-17,,Delhi,Bangalore,362.07,False
SH00911,DHL,2024-05-01,delivered,Chennai,Delhi,76.81,False
SH00912,DHL,2024-05-21,in_transit,Pune,Chennai,159.12,False
SH00913,BLUEDART,2024-06-27,in_transit,Chennai,Pune,74.34,False
SH00914,BLUEDART,2024-02-06,delivered,Chennai,Delhi,55.61,False
SH00915,FEDEX,2024-03-27,pending,Chennai,Mumbai,362.86,False
SH00916,DHL,2024-01-03,in_transit,Hyderabad,Bangalore,355.96,False
SH00917,BLUEDART,2024-04-18,in_transit,Hyderabad,Mumbai,487.91,False
SH00918,DHL,2024-02-17,delayed,Delhi,Bangalore,322.29,False
SH00919,BLUEDART,2024-04-05,in_transit,Delhi,Pune,171.46,False
SH00920,FEDEX,2024-05-18,in_transit,Mumbai,Bangalore,318.7,False
SH00921,BLUEDART,2024-05-25,delayed,Mumbai,Bangalore,493.92,False
SH00922,FEDEX,2024-04-11,in_transit,Mumbai,Chennai,388.33,False
SH00923,DHL,2024-05-08,,Pune,Chennai,398.78,False
SH00924,DHL,2024-04-28,pending,Pune,Bangalore,91.98,False
SH00925,BLUEDART,2024-05-08,pending,Chennai,Bangalore,323.93,False
SH00926,DHL,2024-04-20,pending,Pune,Mumbai,398.38,False
SH00927,DHL,2024-01-04,,Chennai,Pune,189.29,False
SH00928,FEDEX,2024-03-16,in_transit,Mumbai,Pune,309.43,False
SH00929,FEDEX,2024-04-23,delivered,Pune,Chennai,472.92,False
SH00930,FEDEX,2024-06-23,in_transit,Delhi,Pune,280.62,False
SH00931,FEDEX,2024-06-23,pending,Hyderabad,Chennai,75.68,False
SH00932,DHL,2024-05-25,delivered,Mumbai,Chennai,150.37,False
SH00933,FEDEX,2024-02-16,in_transit,Hyderabad,Chennai,395.7,False
SH00934,BLUEDART,2024-05-01,delayed,Delhi,Mumbai,67.23,False
SH00935,FEDEX,2024-04-07,,Hyderabad,Delhi,212.67,False
SH00936,DHL,2024-02-15,delivered,Delhi,Chennai,173.26,False
SH00937,FEDEX,2024-03-07,delivered,Hyderabad,Bangalore,91.6,False
SH00938,DHL,2024-05-03,pending,Chennai,Mumbai,402.74,False
SH00939,BLUEDART,2024-06-01,pending,Delhi,Bangalore,350.58,False
SH00940,BLUEDART,2024-04-27,delayed,Pune,Delhi,438.94,False
SH00941,BLUEDART,2024-02-02,pending,Mumbai,Pune,486.26,False
SH00942,FEDEX,2024-02-25,in_transit,Hyderabad,Bangalore,487.29,False
SH00943,DHL,2024-02-01,pending,Pune,Mumbai,499.57,False
SH00944,FEDEX,2024-02-15,in_transit,Hyderabad,Mumbai,129.6,False
SH00945,BLUEDART,2024-01-26,,Delhi,Chennai,426.76,False
SH00946,DHL,2024-05-08,delivered,Delhi,Bangalore,350.47,False
SH00947,BLUEDART,2024-04-30,in_transit,Delhi,Bangalore,485.43,False
SH00948,BLUEDART,2024-02-27,in_transit,Delhi,Bangalore,445.82,False
SH00949,FEDEX,2024-04-16,delivered,Chennai,Delhi,119.02,False
SH00950,BLUEDART,2024-05-26,in_transit,Pune,Mumbai,300.08,False
SH00951,DHL,2024-06-11,pending,Hyderabad,Chennai,128.17,False
SH00952,DHL,2024-04-10,pending,Chennai,Delhi,462.5,False
SH00953,DHL,2024-06-09,delivered,Mumbai,Delhi,62.52,False
SH00954,FEDEX,2024-06-11,in_transit,Mumbai,Bangalore,133.95,False
SH00955,DHL,2024-03-11,delivered,Delhi,Chennai,332.35,False
SH00956,FEDEX,2024-03-13,delivered,Hyderabad,Delhi,91.75,False
SH00957,FEDEX,2024-04-15,pending,Mumbai,Pune,84.34,False
SH00958,FEDEX,2024-02-15,pending,Chennai,Bangalore,322.99,False
SH00959,FEDEX,2024-02-10,in_transit,Hyderabad,Pune,466.96,False
SH00960,BLUEDART,2024-01-30,delivered,Chennai,Bangalore,197.39,False
SH00961,FEDEX,2024-01-24,delayed,Pune,Chennai,343.37,False
SH00962,FEDEX,2024-06-24,pending,Chennai,Mumbai,176.49,False
SH00963,FEDEX,2024-05-04,delayed,Chennai,Bangalore,240.68,False
SH00964,BLUEDART,2024-03-31,pending,Delhi,Pune,418.7,False
SH00965,FEDEX,2024-06-14,delayed,Hyderabad,Chennai,208.51,False
SH00966,DHL,2024-06-17,delivered,Pune,Bangalore,400.78,False
SH00968,BLUEDART,2024-04-21,in_transit,Mumbai,Pune,139.17,False
SH00969,FEDEX,2024-02-13,delayed,Delhi,Bangalore,222.29,False
SH00970,BLUEDART,2024-04-13,delayed,Mumbai,Pune,463.12,False
SH00971,DHL,2024-03-29,delayed,Delhi,Chennai,398.58,False
SH00972,FEDEX,2024-06-07,in_transit,Delhi,Bangalore,71.53,False
SH00973,BLUEDART,2024-02-18,,Delhi,Mumbai,216.0,False
SH00974,DHL,2024-03-18,in_transit,Pune,Delhi,359.56,False
SH00975,DHL,2024-03-22,,Hyderabad,Chennai,312.86,False
SH00976,BLUEDART,2024-06-18,in_transit,Mumbai,Bangalore,194.86,False
SH00977,FEDEX,2024-03-03,pending,Mumbai,Chennai,435.14,False
SH00978,DHL,2024-04-08,delivered,Mumbai,Bangalore,203.2,False
SH00979,FEDEX,2024-05-09,delivered,Pune,Chennai,148.45,False
SH00980,BLUEDART,2024-03-12,pending,Chennai,Pune,188.22,False
SH00982,BLUEDART,2024-02-08,in_transit,Mumbai,Chennai,278.57,False
SH00983,BLUEDART,2024-02-18,delayed,Delhi,Pune,174.17,False
SH00984,DHL,2024-01-14,delayed,Chennai,Delhi,169.78,False
SH00985,BLUEDART,2024-02-26,pending,Delhi,Pune,170.72,False
SH00986,FEDEX,2024-01-25,pending,Hyderabad,Mumbai,329.95,False
SH00987,DHL,2024-03-26,delivered,Pune,Delhi,483.01,False
SH00988,FEDEX,2024-01-03,delayed,Mumbai,Bangalore,312.42,False
SH00989,DHL,2024-05-14,,Hyderabad,Mumbai,115.96,False
SH00990,FEDEX,2024-03-06,in_transit,Delhi,Chennai,213.93,False
SH00991,BLUEDART,2024-06-24,pending,Hyderabad,Chennai,59.33,False
SH00992,DHL,2024-05-27,in_transit,Pune,Chennai,211.74,False
SH00993,BLUEDART,2024-06-22,delayed,Mumbai,Chennai,494.3,False
SH00994,FEDEX,2024-03-11,delivered,Pune,Chennai,310.78,False
SH00995,FEDEX,2024-01-03,pending,Hyderabad,Mumbai,116.21,False
SH00996,BLUEDART,2024-01-17,delivered,Chennai,Mumbai,254.24,False
SH00997,FEDEX,2024-06-18,delivered,Pune,Delhi,163.15,False
SH00998,BLUEDART,2024-03-10,pending,Hyderabad,Bangalore,138.53,False
SH00999,FEDEX,2024-06-12,in_transit,Pune,Bangalore,485.11,False
SH01000,FEDEX,2024-03-23,delivered,Chennai,Pune,357.49,False
